EC,KO1,KO2,KO3,KO4,KO5,KO6,KO7,KO8,WT1,WT2,WT3,WT4,WT5,WT6,WT7,WT8
1.-.-.-,6989,15135,11161,12407,9601,15305,18691,26281,11073,7780,11988,13270,9234,7285,20699,19551
1.1.-.-,28,66,78,40,107,187,113,55,239,242,472,190,544,43,37,57
1.1.1.-,5097,7184,7510,8520,8897,5451,18399,19419,8747,8810,13612,12127,29119,189632,32309,15689
1.1.1.1,5231,9606,13511,9773,4448,5372,5000,13954,5227,1208,12816,9373,6776,1847,9160,9305
1.1.1.100,2034,6627,2535,2929,2688,3418,2151,1701,16573,50633,21667,12135,3159,620,25458,81406
1.1.1.103,612,799,584,695,108,489,505,498,518,168,942,989,619,172,340,226
1.1.1.11,10,0,0,19,0,0,0,0,27,0,0,0,0,0,6,0
1.1.1.127,0,0,0,8,0,0,0,15,0,0,0,0,0,0,7,0
1.1.1.130,41,139,81,119,0,103,0,0,4,6,9,0,0,0,0,39
1.1.1.133,40,20,3,19,28,33,15,5,18,42,103,4,49,7,22,42
1.1.1.136,52,60,291,115,44,1192,2308,2468,1258,1757,1664,1378,426,106,1771,1832
1.1.1.138,19,30,2,18,0,12,47,0,34,0,101,45,39,0,25,26
1.1.1.14,196,179,984,3297,33,133,50,24,1619,5275,197,2335,6809,196,226,1193
1.1.1.140,325,1,8,26,0,2,0,1,223,46,158,2,2,0,0,8
1.1.1.144,10,20,0,7,0,0,0,0,0,0,0,0,0,0,0,0
1.1.1.146,1,21,8,1,1,105,31,45,9,2,20,7,3,0,0,2
1.1.1.157,6914,8915,8285,9753,1902,6817,6337,9792,6249,3270,6423,7878,2996,1827,9080,7989
1.1.1.169,55,129,20,26,71,45,35,48,10,15,31,9,39,3,30,3
1.1.1.17,0,14,2,0,0,0,0,5,29,4,73,0,0,0,43,138
1.1.1.175,32,57,0,111,0,0,0,0,0,0,0,0,0,0,0,0
1.1.1.179,0,87,0,0,248,7,1153,0,0,0,0,7,274,247,37,0
1.1.1.18,155,96,129,465,132,219,135,186,86,86,141,1291,57,53,571,400
1.1.1.188,0,2,50,46,0,0,5,12,0,17,1,24,0,0,0,7
1.1.1.193,3,29,2,79,2,31,2,2,7,20,49,4,25,16,31,95
1.1.1.2,20,20,19,11,32,109,0,123,2,33,50,5,50,1,1,16
1.1.1.200,10,19,1,0,2,0,2,5,0,2,0,0,0,1,6,12
1.1.1.202,0,1,0,0,0,8,0,8,0,6,6,0,0,0,10,14
1.1.1.205,4037,6334,8671,5808,5210,10391,7583,12705,5000,4087,8595,8774,8267,14822,9107,7409
1.1.1.22,100,3329,462,1179,2094,1711,446,1656,727,746,1654,459,3085,2033,698,1657
1.1.1.23,113,301,567,543,1825,997,813,1337,645,1189,1720,619,552,62,428,628
1.1.1.243,10,20,0,7,0,0,0,0,0,0,0,0,0,0,0,0
1.1.1.244,17,6,1,0,0,0,1,2,289,460,311,261,18,132,243,489
1.1.1.25,7,36,177,4,107,169,574,667,721,903,687,887,94,25,1044,1092
1.1.1.251,0,0,0,2,25,12,0,49,2,0,11,1,1,0,7,28
1.1.1.26,27,171,96,54,10,42,13,25,0,28,87,25,38,2,41,97
1.1.1.261,0,0,0,30,49,10,5,323,0,0,0,0,0,0,0,0
1.1.1.262,267,910,280,978,495,633,322,386,259,299,1172,989,1057,234,348,1385
1.1.1.267,342,5820,964,887,374,767,1021,1378,591,496,2298,548,890,159,654,1426
1.1.1.27,304,379,680,535,2251,260,1942,2800,1011,676,755,1489,5164,100074,5910,1287
1.1.1.271,38,218,113,169,1224,822,240,317,2516,10559,972,486,2088,853,1038,5397
1.1.1.28,660,575,1123,214,0,0,0,0,0,0,0,0,0,0,0,0
1.1.1.283,0,0,0,0,0,0,0,0,0,4,1,305,0,58332,14887,12
1.1.1.287,0,11,2,0,0,0,0,0,0,23,0,0,5,0,11,0
1.1.1.29,44,213,43,160,11,180,30,96,14,45,37,48,33,10,47,55
1.1.1.290,14,128,21,12,11,61,6,6,3,12,26,19,34,8,21,67
1.1.1.292,48,127,1045,1733,16,39,1,12,24,952,54,34,25,3,465,140
1.1.1.3,508,2731,1983,2726,871,1542,999,2437,1903,4492,2114,846,1667,279,1493,2157
1.1.1.30,0,0,10,28,17,0,0,0,34,5,0,40,26,0,0,0
1.1.1.301,1,47,9,27,3,79,11,12,59,1,112,59,46,53,21,242
1.1.1.304,18,30,294,118,16,0,0,36,0,21,2,0,47,27,88,52
1.1.1.305,0,0,0,0,41,0,11,31,0,0,0,0,0,0,0,0
1.1.1.312,64,75,13,109,9,19,15,93,19,0,59,53,8,1,72,2
1.1.1.316,0,20,0,2,3,5,1,2,0,33,1,0,10,1,0,0
1.1.1.330,0,0,0,0,74,0,42,35,0,0,0,0,0,0,0,0
1.1.1.335,0,0,0,0,0,148,0,0,0,20,37,0,104,16,0,83
1.1.1.336,86,665,67,369,136,195,9,28,54,222,759,24,848,7,91,15
1.1.1.35,0,34,253,0,10,32,140,83,29,9,113,48,16,0,3,73
1.1.1.350,10,0,0,0,0,58,0,13,14,3,63,12,0,0,5,29
1.1.1.36,17,1,20,1,0,7,1,13,5,0,1,5,8,0,22,3
1.1.1.366,4,0,13,0,0,39,0,47,0,0,0,1,0,1,14,69
1.1.1.369,96,1,19,24,0,39,2,131,0,0,0,0,2,0,0,0
1.1.1.37,4766,10580,9047,4832,40060,12651,9026,20399,5614,13623,7412,7105,7924,5975,11183,18901
1.1.1.38,1278,1787,4201,3506,6084,1301,10713,7068,4492,1217,3422,5708,7349,20418,6215,3935
1.1.1.39,0,18,36,61,42,21,0,1,7,77,1,71,8,3,20,93
1.1.1.40,3245,2200,4587,2344,7391,4352,4371,7146,550,1849,1528,1002,2803,1429,3427,9183
1.1.1.41,4,11,11,16,0,47,0,0,53,12,1,7,37,0,7,17
1.1.1.42,902,1476,1977,1381,997,2719,1961,2994,1792,4460,2786,2330,16345,80986,3181,6760
1.1.1.44,1453,991,1546,906,2788,262,1439,2593,91,150,115,122,50,18,920,183
1.1.1.47,35,13,9,22,2,0,1,0,24,0,33,11,0,0,5,5
1.1.1.49,1286,5838,172,323,1423,1294,1138,1827,2775,10784,5570,981,6255,3647,7619,24252
1.1.1.58,121,401,113,561,61,188,256,14,58,127,338,168,301,34,59,233
1.1.1.6,77,40,26,96,70,99,94,118,197,1,682,80,131,4,84,115
1.1.1.60,30,13,90,64,21,0,36,345,29,9,35,9,6,0,84,47
1.1.1.62,4,27,3,2,2,9,1,3,1,1,6,2,2,0,4,6
1.1.1.69,305,1232,494,1593,4225,486,2547,357,328,379,2097,1044,878,234,948,752
1.1.1.77,312,785,843,1023,337,259,637,245,415,940,1127,489,341,196,414,967
1.1.1.80,7,1181,307,669,123,15,307,65,799,216,2691,756,605,307,321,1080
1.1.1.83,0,0,0,0,1212,0,639,0,0,0,0,0,13,178,161,248
1.1.1.85,327,579,852,590,4852,698,1175,1820,461,410,839,418,394,359,873,1061
1.1.1.86,2944,3638,7119,3947,15731,5027,7981,10865,3842,4860,8171,4956,3420,40646,6722,11604
1.1.1.87,10,0,54,6,0,0,17,17,0,0,0,0,0,0,0,1
1.1.1.9,31,83,12,129,12,105,2525,3,28,102,531,41,716,12,11,220
1.1.1.94,362,978,507,361,865,1018,718,860,289,208,1745,313,407,138,299,588
1.1.1.95,2124,8147,4195,2612,1780,3697,2621,2650,2489,1246,4389,3725,2496,492,1574,3267
1.1.2.3,5,1,14,1,1,1,0,30,4,87,102,52,130,0,0,1
1.1.2.4,77,31,12,42,0,7,1,26,74,1,2,166,1,18,77,5
1.1.3.15,161,80,158,153,26,69,60,67,127,60,45,94,96,4,148,183
1.1.5.3,82,1737,454,477,6410,31298,972,3037,64,313,274,242,546,549,979,1089
1.1.5.4,7,0,14,9,0,1,0,0,13,3,6,0,1,0,0,0
1.1.99.-,37,2331,34,149,887,3418,39,48,34,217,146,90,301,51,52,723
1.1.99.2,0,37,0,7,0,35,1,0,0,0,3,0,20,0,0,56
1.10.3.-,578,1976,1400,2665,2909,4194,1403,5224,658,1531,2386,787,3729,552,1279,2559
1.10.3.10,132,3482,784,452,957,1488,709,444,759,786,1453,1547,2688,691,1059,2555
1.11.1.-,1861,3943,3150,2113,4301,2371,2965,3079,642,1106,1284,1024,4102,2210,3236,8251
1.11.1.1,35179,69024,62365,55999,40923,69975,66458,56447,25530,33873,44972,25542,69810,15114,39950,73811
1.11.1.15,3481,5815,3398,2917,16883,2508,6814,9096,1765,5872,1491,1375,1995,2190,11955,16660
1.11.1.22,0,0,0,0,0,0,7204,11694,0,0,0,0,0,2187,0,0
1.11.1.5,23,248,8,15,2,210,10,21,11,27,64,2,228,23,25,69
1.11.1.6,28013,30598,36930,8090,52416,22137,53717,70519,10929,9869,3435,10875,5868,10689,28141,51169
1.11.1.9,0,0,0,0,0,0,0,0,494,2027,691,95,179,335,340,1348
1.12.-.-,40,19,36,44,0,9,0,14,0,0,0,0,1,0,112,2
1.12.1.2,0,9,6,0,0,0,0,0,0,0,1,0,0,0,0,5
1.12.1.3,6243,11672,10898,19733,1661,8008,6657,10615,7341,4382,9969,11002,6398,925,8007,9093
1.12.2.1,28,67,10,120,8,139,21,56,632,2162,3395,741,3106,108,98,45
1.12.5.1,0,0,0,0,0,19,6,132,6,4,23,139,3,2,135,54
1.12.7.2,243,921,643,456,124,549,271,434,254,194,351,475,266,119,442,516
1.12.98.4,202,746,436,537,1481,333,306,1695,40,30,208,96,306,80,254,312
1.12.99.-,82,513,95,63,128,301,172,649,18,18,63,57,150,36,72,123
1.12.99.6,704,3192,233,558,292,680,685,575,64,45,625,52,1022,715,1621,3062
1.13.11.24,294,381,166,148,248,487,296,398,295,758,358,153,531,768,1038,862
1.13.12.16,506,1407,3131,1330,581,1536,587,1136,1387,1954,1603,1505,926,292,1027,860
1.14.13.48,10,20,0,7,0,0,0,0,0,0,0,0,0,0,0,0
1.14.13.49,10,20,0,7,0,0,0,0,0,0,0,0,0,0,0,0
1.15.1.1,6562,10738,7623,4376,12758,5309,11670,15193,6578,20579,11474,4174,17525,8249,13420,30827
1.15.1.2,1927,813,1196,683,145,190,378,300,794,211,295,551,597,146,752,668
1.16.-.-,132,2343,432,209,350,2474,2393,2628,69,116,60,193,607,795,543,245
1.16.3.1,2568,2394,2911,2110,3412,2823,1543,2489,1761,3769,3293,1920,3679,2700,4772,6667
1.17.1.2,10652,11613,18899,21355,4752,14677,17283,19799,14807,9575,16364,13030,18847,2612,16790,12317
1.17.1.4,1480,1476,4977,2094,255,882,1632,2953,1377,728,1362,2364,1820,75,2307,3866
1.17.1.5,110,0,4,0,0,1,0,5,1,0,23,140,5,0,18,8
1.17.1.8,175,297,236,819,144,864,115,465,222,708,297,834,305,209,1286,330
1.17.4.1,323,1923,441,488,3493,2093,6419,5889,641,1641,2635,1461,2763,833,3674,3890
1.17.4.2,3725,7943,9564,6996,8770,5281,16509,16719,6918,4521,7959,11121,16369,34337,15414,12029
1.17.5.2,97,370,193,291,25,47,246,71,211,63,24,140,117,1,347,311
1.17.7.1,262,1754,3371,673,6193,1526,3837,1521,3026,865,2014,1391,872,165,3795,863
1.17.99.5,5,56,186,106,45,25,97,54,91,27,66,86,19,11,71,8
1.18.1.1,0,0,8,31,0,0,0,0,0,0,0,7,0,0,0,0
1.18.1.2,5095,7531,9589,7622,7114,7166,12631,7237,9032,5101,12658,12338,20170,3320,8378,10597
1.2.-.-,804,9097,1226,3613,3240,8350,5898,11532,597,2632,5796,1461,3201,540,827,5193
1.2.1.10,5117,9357,13480,9556,3868,4795,4859,10499,5197,1081,12735,9280,6541,1720,6317,7433
1.2.1.11,1456,2177,3478,2150,2058,2066,2267,5882,1069,1616,2985,2338,1728,365,2999,3288
1.2.1.12,42274,75792,76117,82700,89273,66839,167878,137922,48761,41926,89390,90769,111450,164404,131894,103831
1.2.1.18,7,16,10,7,23,52,0,10,17,1,18,15,23,1,0,34
1.2.1.2,370,399,235,822,148,388,172,1061,0,168,203,161,31,22,385,190
1.2.1.21,5,1,5,10,4,0,6,14,0,0,0,0,0,0,0,0
1.2.1.22,5,1,5,10,4,0,6,14,0,0,0,0,0,0,0,0
1.2.1.27,7,16,10,7,23,52,0,10,17,1,18,15,23,1,0,34
1.2.1.3,121,247,141,260,91,200,93,127,23,190,198,273,1169,127133,1913,245
1.2.1.38,569,192,771,750,354,765,764,1068,244,323,244,1673,89,126,268,549
1.2.1.41,1086,912,3127,1333,517,362,5858,1610,680,355,745,793,2094,16152,1699,1357
1.2.1.59,24,7,2,18,11,3,16,19,33,15,74,87,483,1,81,27
1.2.1.68,0,0,0,0,349,0,556,319,0,0,0,0,30,0,904,0
1.2.1.70,0,10,0,11,0,0,0,0,13,4,64,11,0,0,3,0
1.2.1.81,11,9,13,5,3,10,2,17,9,5,4,6,10,6,2,5
1.2.1.88,162,792,229,131,79,348,71,180,176,662,2175,542,857,173,207,871
1.2.1.9,67,0,120,55,0,0,0,11,0,0,0,0,0,0,0,0
1.2.4.1,92,31,125,64,635,32,145,705,5,66,18,56,57,12,848,32
1.2.4.2,0,123,0,0,0,74,93,24,0,0,0,0,0,0,0,0
1.2.4.4,748,1467,173,87,408,386,496,813,1930,3684,1377,316,1739,2805,2878,4
1.2.5.1,79,864,29,44,114,311,225,197,0,0,0,0,0,1,0,2
1.2.7.-,37897,86417,84212,85961,52573,60514,76286,67666,49597,37271,85450,71633,81351,78678,68300,67657
1.2.7.1,745,760,1044,975,404,451,735,816,1478,308,612,3041,826,58,1246,860
1.2.7.3,671,1533,6763,871,660,3477,7020,5196,475,578,2120,778,1086,993,3666,7148
1.2.7.5,82,231,34,179,55,156,101,226,600,929,1782,652,2126,184,644,170
1.2.7.7,4002,7369,6665,10371,3521,5744,2758,2272,4497,3220,7055,6918,9103,1318,6234,6444
1.2.7.8,3571,6593,3779,6517,474,4413,1568,2050,5506,3140,8083,9745,7760,618,5451,7928
1.2.99.2,4163,4773,6544,17972,7317,6280,2142,4626,5761,1217,4717,5219,3382,552,3871,5961
1.2.99.7,1107,870,328,1460,5,294,165,349,207,38,92,515,113,15,288,196
1.2.99.8,0,0,70,0,0,64,0,43,138,27,298,0,33,0,0,0
1.21.4.1,3167,13238,12230,9876,1607,5131,8637,5081,9334,3193,14261,9688,8918,2215,2933,9831
1.21.4.2,27858,41177,36266,39693,3514,17239,33444,18423,40772,8703,31873,36826,20156,4881,25111,37464
1.21.4.3,13986,12695,17645,16328,1252,7600,3574,8885,18233,4678,12760,15062,8611,2093,11432,12607
1.21.4.4,14045,13148,17766,16556,1286,7359,3298,7973,18292,4700,12904,14736,9116,2103,11434,12777
1.21.99.-,21,99,29,57,40,200,13,10,19,49,103,12,154,0,17,95
1.3.-.-,0,0,0,0,0,85,247,14,66,18,33,1,8,18,16,64
1.3.1.-,25,53,77,8,13,94,22,25,10,14,66,40,12,1,1,0
1.3.1.1,183,188,56,141,0,55,12,388,37,8,107,75,57,1,696,717
1.3.1.12,9,33,0,12,6,33,188,122,14,135,91,25,5,8,184,180
1.3.1.14,2538,4680,492,2722,227,1198,1601,2981,767,1317,2844,1544,924,86,1148,1560
1.3.1.2,202,225,297,275,440,147,188,363,52,24,0,123,7,0,103,30
1.3.1.20,0,87,0,0,248,7,1153,0,0,0,0,7,274,247,37,0
1.3.1.22,32,1143,44,238,73,29,30,55,21,102,248,38,87,36,34,203
1.3.1.31,27,100,15,144,14,0,1,8,7,0,2,13,10,0,0,1
1.3.1.38,0,89,0,0,0,12,6,7,0,0,0,0,0,0,0,0
1.3.1.76,92,215,154,477,0,1,0,18,0,3,9,17,28,0,10,83
1.3.1.9,754,1327,607,622,3180,1086,485,700,119,263,1049,598,1209,225,1011,1392
1.3.1.95,3181,7627,1622,5981,1444,3231,1716,837,592,1724,3082,757,1947,712,2129,2559
1.3.1.98,473,304,660,519,242,217,473,121,288,327,194,160,257,143,450,199
1.3.5.1,1754,14961,2901,4026,5284,23358,3954,6190,2452,3425,8687,6067,6194,1623,2144,5541
1.3.5.2,2,100,2,31,28,75,15,15,0,26,32,22,30,10,3,76
1.3.5.4,173,306,377,167,284,290,171,694,79,60,169,134,22,80,240,349
1.3.8.1,11997,17941,24233,31054,23972,17099,93579,67185,17150,24454,32787,33391,34314,98463,41590,27771
1.3.8.6,2,8,1,1,2,4,1,2,8,1,1,17,2,0,5,0
1.3.8.7,6276,10,16,38,83,1046,361,1256,2111,761,2885,8567,9,7,24,6
1.3.8.8,0,7,8,0,0,0,0,1,2,0,0,1,0,0,0,5
1.3.98.1,2,2,7,16,39,27,26,9,4,8,11,9,21,0,9,4
1.3.99.-,1485,10661,7748,9051,985,6113,2687,4432,5018,3248,8315,10209,10588,4641,12149,7165
1.3.99.33,90,80,484,12,104,186,703,728,143,52,0,27,27,2,488,51
1.4.1.-,7,13,1,5,0,19,34,0,0,5,0,1,14,2,0,0
1.4.1.1,499,3515,539,1494,151,1607,592,281,3756,8107,10250,3947,7512,1413,466,1168
1.4.1.11,302,323,223,212,11,123,143,120,454,184,264,495,420,22,85,221
1.4.1.13,131,55,147,45,179,347,1074,1168,160,221,152,275,124,46,351,322
1.4.1.14,3,10,8,16,577,88,105,83,65,30,77,81,10,0,0,121
1.4.1.16,595,633,898,762,4463,699,1966,1138,288,513,647,393,652,2378,902,2020
1.4.1.2,16242,24269,15657,17019,9171,26238,9736,9037,21886,7963,15539,23964,14501,4545,22450,12411
1.4.1.3,464,1085,2181,976,12766,833,385,1133,763,276,1003,1445,606,152,1051,3513
1.4.1.4,13937,11609,24576,19465,7861,18435,8984,12263,12607,7783,12656,14423,12083,68809,13374,16613
1.4.3.16,130,1468,329,396,3408,1645,356,172,420,261,957,232,1634,91,2233,5706
1.4.3.5,5,12,1,2,13,15,5,11,0,0,0,1,7,0,0,0
1.4.4.2,913,7083,3097,3377,590,14457,2305,1819,1129,2693,7937,3644,5343,1291,1207,3064
1.4.7.1,427,295,826,525,4401,383,831,721,457,481,510,605,2297,18225,1618,698
1.5.-.-,3,25,5,16,3,26,0,9,2,2,13,1,15,9,7,0
1.5.1.2,185,468,687,193,2560,403,4342,1706,1047,264,420,607,378,1002,1597,730
1.5.1.20,250,804,416,20688,113,750,978,447,1666,528,875,217,291,42,893,575
1.5.1.3,444,449,557,1080,12,29,80,52,39,1479,11,1694,1300,132,108,32
1.5.1.39,16,33,61,75,20,594,56,29,2,19,42,28,68,19,15,95
1.5.1.43,961,4346,961,1993,8328,2957,956,3659,552,1436,2511,1725,2916,726,4209,5795
1.5.1.5,531,1523,1579,770,359,1640,995,1046,493,467,918,1094,1084,84,749,1697
1.5.3.1,1,29,1,0,2,1,4,0,42,0,2,19,0,1,0,0
1.5.5.2,6,122,5,7,5,60,7,3,49,365,238,83,40,10,60,259
1.6.-.-,33,212,42,17,115,61,54,115,0,0,0,0,5,0,0,6
1.6.1.2,73,76,41,137,26,205,154,189,11,126,50,27,26,9,1369,687
1.6.3.-,1374,1528,2057,2052,1009,871,2027,976,1826,1381,1799,1959,2306,9633,14645,7285
1.6.5.-,1292,13498,2460,2640,2311,15736,1952,2337,1685,3298,8720,4470,3984,802,1201,5389
1.6.5.2,185,38,0,40,0,9,0,45,0,1,0,2,0,0,4,1
1.6.5.3,18,133,36,85,111,367,77,19,56,24,1335,141,4002,20,45,92
1.6.99.-,98,0,87,38,475,0,63,210,2,0,2,0,1,9,43,51
1.6.99.1,134,147,148,242,52,166,81,51,45,135,101,67,199,45,62,343
1.6.99.3,15,21,30,61,0,221,301,393,39,7,125,11,3190,9,310,188
1.6.99.5,253,582,279,446,1027,1917,135,281,16,105,427,150,709,18,556,1917
1.7.-.-,1315,3435,1568,656,7740,1773,2238,2776,362,599,109,526,400,592,4054,9027
1.7.1.13,57,118,148,123,1699,129,17,374,31,9,41,77,30,10,101,246
1.7.1.7,9,12,32,18,52,0,0,0,0,6,0,9,0,0,7,22
1.7.2.2,399,1101,234,730,83,160,249,508,35,12,79,129,81,30,811,405
1.7.99.4,9,29,9,14,152,120,70,1453,13,10,80,135,281,41,1654,794
1.8.-.-,0,0,0,1,0,29,17,5,0,0,2,0,2,0,1,0
1.8.1.-,197,1765,730,2064,18,1152,539,287,38,39,224,91,501,636,521,97
1.8.1.14,531,3090,530,3974,7927,2733,1285,1113,1910,2720,10150,1331,20816,589,364,2717
1.8.1.19,4454,6963,9534,7472,3188,6076,6029,7093,8375,4681,11986,11275,19334,1294,7681,9372
1.8.1.2,0,66,0,0,0,25,6,3,0,0,0,0,0,0,0,0
1.8.1.4,946,7394,767,1846,815,4721,933,1193,445,1037,2712,451,4794,692,602,1943
1.8.1.8,37,408,16,20,6,1884,31,37,17,86,844,103,1321,35,99,1984
1.8.1.9,4795,9902,12909,17235,10084,13573,10179,17447,4065,4153,9003,7432,6420,2487,5903,8439
1.8.4.11,75,637,87,36,1052,124,755,1560,55,164,48,177,118,45,1837,387
1.8.4.12,176,683,200,93,1258,151,822,1847,88,197,69,233,152,46,1976,502
1.8.4.14,284,88,88,207,0,0,255,0,70,0,80,73,76,0,68,0
1.8.5.3,210,48,78,81,5,55,37,72,3,21,16,9,31,33,88,15
1.8.98.-,64,39,112,40,21,48,26,95,62,13,375,70,33,5,51,100
1.8.98.1,2226,3021,4225,2518,3226,1082,626,3602,106,132,533,264,873,388,2985,1516
1.8.99.3,9378,11514,3236,11509,672,3265,1842,4754,8246,14433,20114,12607,16351,1764,8362,2354
1.9.3.1,0,0,0,0,0,3,11,77,72,94,546,221,2608,29,281,91
1.97.1.-,245,92,208,45,35,43,13,56,21,8,97,40,46,14,62,75
1.97.1.4,114,95,175,132,40,132,87,337,70,65,35,173,69,54,200,113
2.-.-.-,1847,5731,4398,4237,9022,9896,3903,4304,1918,2707,4441,2850,6565,1636,6586,8233
2.1.1.-,3671,8707,8018,4368,3251,8747,8179,5482,3031,3056,5280,5509,7320,2692,3954,9488
2.1.1.10,6,4,43,6,0,0,0,0,2,5,13,16,0,0,5,0
2.1.1.107,95,281,178,510,7,73,13,88,1,5,11,18,31,2,72,120
2.1.1.113,3,1,9,0,13,3,5,4,1,8,2,59,5,4,7,6
2.1.1.13,241,1070,1112,741,1552,1884,1803,2740,1129,1702,1920,1520,1628,139,1973,2523
2.1.1.131,6,0,0,4,0,0,1,9,0,0,0,0,1,1,0,7
2.1.1.132,26,0,106,0,0,1,4,47,23,14,46,71,6,0,0,22
2.1.1.148,22,34,37,49,4,13,23,22,4,2,8,21,8,0,95,232
2.1.1.163,74,795,26,252,125,515,14,58,15,94,94,39,42,15,29,666
2.1.1.166,18,36,19,8,0,15,1,3,0,0,0,0,12,0,66,0
2.1.1.170,39,29,18,30,0,0,0,0,0,0,0,0,0,0,56,0
2.1.1.171,1,1,1,2,2,9,3,2,0,2,558,22,467,54,3,11
2.1.1.173,35,815,28,149,41,342,29,60,13,42,158,36,56,23,76,63
2.1.1.176,31,83,104,219,0,21,27,27,0,0,0,21,0,0,4,89
2.1.1.177,276,44,73,11,18,167,811,546,27,68,183,20,288,133,53,50
2.1.1.178,38,138,1810,199,6,491,157,847,3851,705,3383,4638,307,53,2685,6028
2.1.1.182,2565,843,485,2573,537,1756,314,419,401,403,664,360,558,86,553,682
2.1.1.185,63,227,74,234,41,889,70,51,44,187,191,37,128,10,139,341
2.1.1.187,4,1,9,0,2,0,2,2,25,4,3,17,13,0,13,1222
2.1.1.191,268,1733,709,605,260,1393,295,192,133,588,940,298,1649,99,133,1051
2.1.1.192,354,631,1385,532,257,464,619,523,669,877,718,810,3532,1702,994,740
2.1.1.193,11,154,56,41,4,343,27,161,17,22,53,27,52,47,40,75
2.1.1.197,4,23,5,3,0,24,0,2,6,12,10,8,6,3,2,5
2.1.1.198,981,2088,1905,1417,2784,2466,214,889,483,702,1127,528,1008,132,1285,743
2.1.1.199,2485,2742,3874,4560,724,1623,2338,1690,2601,1148,2912,2031,2167,302,3930,5504
2.1.1.201,60,465,6,227,12,455,1,36,8,64,33,19,26,7,23,657
2.1.1.207,273,131,842,294,266,97,2357,464,394,173,298,309,385,39,199,445
2.1.1.219,11,13,14,0,0,0,4,35,1,0,0,0,0,0,63,0
2.1.1.220,0,2,0,0,13,0,17,16,0,0,0,0,0,0,1,0
2.1.1.223,2,20,9,1,11,5,14,93,16,1041,578,1,6,7,10,676
2.1.1.226,0,0,0,0,239,0,10,275,92,0,0,7,0,34,0,22
2.1.1.227,0,0,0,0,239,0,10,275,92,0,0,7,0,34,0,22
2.1.1.228,111,1216,492,508,748,615,1619,2072,211,3213,3404,177,1335,40,1602,3565
2.1.1.258,104,111,1,93,74,113,4,7,54,1,62,3,40,15,132,68
2.1.1.264,35,815,28,149,41,342,29,60,13,42,158,36,56,23,76,63
2.1.1.271,89,429,380,51,54,53,68,115,315,20,67,74,56,149,114,2399
2.1.1.297,13,164,52,17,3,81,2,8,22,16,46,20,15,2,109,90
2.1.1.33,86,964,414,172,352,575,493,435,215,220,690,279,253,57,325,782
2.1.1.34,7,763,3,53,8,84,22,14,18,62,136,10,61,6,12,138
2.1.1.37,73,319,636,738,11,492,1931,479,118,852,755,526,127,35,582,1007
2.1.1.45,684,1224,2357,1746,4570,5336,960,556,715,2765,7906,2616,11285,42684,8120,2429
2.1.1.61,3,25,5,16,3,26,0,9,2,2,13,1,15,9,7,0
2.1.1.63,14,2358,299,9,130,84,1027,529,78,13,22,53,36,4,87,45
2.1.1.72,382,4236,1032,978,1843,1438,4315,1282,577,3261,4105,1136,2258,213,460,2039
2.1.1.74,649,528,803,403,4113,173,5721,5146,276,167,301,538,1951,101,448,194
2.1.1.77,1,1,0,2,33,39,0,138,0,0,0,5,8,0,92,20
2.1.1.79,0,15,0,0,149,0,91,92,0,0,0,0,0,0,0,0
2.1.1.80,2005,2972,3158,1886,874,2163,1617,1863,2678,3044,7073,5379,3695,91,1550,1150
2.1.2.-,148,1586,195,188,174,430,297,232399,349,274,5345,419,878,142,478,11584
2.1.2.1,3773,6975,3284,3524,3428,14514,5555,6233,2150,4665,8839,5043,12849,62842,5768,5964
2.1.2.10,740,1255,1213,1195,364,3251,884,574,217,537,1361,1101,2142,140,379,993
2.1.2.11,665,626,602,384,263,276,278,256,262,302,537,173,978,389,675,3703
2.1.2.13,0,0,0,0,41,0,11,31,0,0,0,0,0,0,0,0
2.1.2.2,75,71,152,61,28,89,47,112,67,201,317,99,92,25,61,269
2.1.2.3,1236,3537,3475,2925,2812,5065,1844,5451,1572,1446,3378,2508,24764,96337,2563,3087
2.1.2.5,563,1624,1044,1044,314,2263,520,476,1006,760,1143,1450,1240,156,429,876
2.1.2.9,341,417,1264,163,222,243,660,367,205,332,516,460,534,67,338,531
2.1.3.-,15,318,5,11,7,119,15,34,6,28,58,7,66,29,27,109
2.1.3.1,634,1176,1114,412,1625,1264,964,1584,201,78,471,712,157,33,779,389
2.1.3.2,698,5632,6149,3589,5382,5726,1023,1691,810,2558,6163,2379,2597,518,1435,2242
2.1.3.3,3654,1722,6235,3049,2477,3167,10294,5174,24167,10294,10102,25971,13198,778,10750,13094
2.1.3.9,78,105,176,125,2889,325,232,403,44,142,320,120,328,120,166,269
2.1.4.1,82,686,113,213,85,382,627,401,160,91,477,492,84,82,273,178
2.10.1.1,9,0,21,1,0,0,16,14,129,4,24,102,8,2,56,1
2.2.1.1,5385,12829,10131,13624,10883,12374,9064,12647,4695,4889,9818,7635,9437,2564,16120,20928
2.2.1.10,101,19,23,80,132,119,26,637,231,2,2,745,435,44,513,217
2.2.1.11,13,4,12,3,11,4,20,14,4,3,9,8,2,5,28,10
2.2.1.2,507,805,4602,798,1827,1277,670,2141,935,539,2712,804,701,230,858,926
2.2.1.6,983,2779,1957,2201,1147,1953,2021,3252,1603,1345,2285,1897,1109,325,2595,2767
2.2.1.7,543,3356,646,1110,11558,3432,20454,10848,667,2012,3028,1410,7889,7380,6808,5284
2.2.1.9,37,698,87,75,4261,386,63,256,17,70,116,26,47,22,68,178
2.3.1.-,3371,8119,7297,9411,5447,8909,8651,21339,6670,4723,6662,4992,5795,819,6485,10184
2.3.1.1,1527,1560,1313,1787,746,667,965,860,3679,1513,1714,1277,477,141,610,914
2.3.1.117,122,4277,204,559,33,6759,190,88,48,163,441,79,1125,47,110,524
2.3.1.12,82,216,308,105,39,366,176,95,36,65,54,116,83,977,16,1619
2.3.1.129,337,1313,339,885,555,1290,293,248,144,266,945,195,660,175,1108,939
2.3.1.157,204,148,274,101,303,234,79,231,271,103,176,346,2358,8,1391,203
2.3.1.16,9,11,66,17,3,30,53,114,28,8,117,4,9,10,15,1
2.3.1.169,1166,3624,7765,4289,394,1173,886,806,1594,512,1727,8364,5559,139,2267,707
2.3.1.174,50,8,39,8,3,0,2,5,2,4,2,6,23,7,32,2
2.3.1.179,1704,9416,3889,4206,7773,9153,3505,3756,2375,2530,5205,4286,3845,711,4032,6746
2.3.1.18,31,223,204,132,6,59,9,78,153,67,438,243,351,3,63,124
2.3.1.180,386,1554,729,1450,990,1251,315,712,572,1770,1266,391,1764,701,693,1429
2.3.1.181,46,384,57,135,238,124,45,49,30,88,98,20,129,38,54,213
2.3.1.182,93,1193,43,69,1437,153,71,120,58,65,153,38,80,188,409,1335
2.3.1.183,4,5,5,1,1,49,0,0,4,108,115,34,7,17,211,18
2.3.1.19,183,3984,610,898,63,2539,144,119,184,499,1334,404,2970,207,109,482
2.3.1.197,6,4,179,0,15,13,2,0,0,0,1,1,0,0,0,6
2.3.1.201,41,280,33,27,14,731,17,87,1,12,16,120,68,0,3,5
2.3.1.222,98,69,73,132,9,12,35,34,26,18,65,57,16,1,80,50
2.3.1.223,1,8,9,5,3,0,1,4,1,0,0,2,0,5,3,1
2.3.1.28,6,29,31,12,17,39,19,20,9,33,26,14,15,8,4,14
2.3.1.29,2756,7567,4337,5365,1868,4647,3975,2564,3598,1652,5028,3397,3276,978,3754,5407
2.3.1.30,417,750,956,1396,1054,309,907,778,649,371,609,413,23512,58332,11012,523
2.3.1.31,1,5,6,56,6,2,8,6,1,25,48,14,1,11,3,36
2.3.1.35,1527,1560,1313,1787,746,667,965,860,3679,1513,1714,1277,477,141,610,914
2.3.1.39,343,2231,579,1577,2588,3110,1126,2689,181,837,1071,498,1823,474,367,698
2.3.1.40,0,0,0,0,0,0,0,0,99,29,947,0,0,1,13,340
2.3.1.41,4,91,22,151,11,20,160,10,11,85,107,19,11,19,4,24
2.3.1.46,233,398,719,503,264,421,465,2012,883,987,689,1591,254,67,465,1836
2.3.1.47,266,1745,449,821,323,1900,690,401,336,967,1393,537,1767,356,452,1183
2.3.1.51,36,21,58,76,5,32,39,6,46,203,231,42,37,27,9,218
2.3.1.54,10224,18011,20887,24118,22964,35591,51760,38652,14209,13636,36127,24120,25668,65563,24079,26320
2.3.1.57,0,0,18,25,0,0,0,0,0,0,0,0,0,0,15,0
2.3.1.61,0,79,0,0,0,25,23,7,0,0,0,0,0,0,0,0
2.3.1.79,0,27,26,53,0,0,36,0,10,102,23,51,51,16,9,143
2.3.1.8,2228,3254,4146,4160,2485,2251,10967,7832,4405,2622,8511,7126,17103,49754,12781,3052
2.3.1.86,0,0,0,0,11,2,45,8,0,0,0,0,4,13,0,1
2.3.1.89,135,133,152,332,2375,68,277,452,261,32,233,191,522,90853,156,257
2.3.1.9,7947,10908,14268,14739,11293,10347,22390,17708,8536,3412,8119,11495,5567,10763,22090,13467
2.3.1.n2,1268,5034,1863,2221,593,3493,1678,2258,1209,2720,3117,1413,3994,274,1616,2507
2.3.1.n3,109,182,75,139,72,199,71,50,129,149,81,99,21,8,91,1006
2.3.2.2,176,440,172,38,5,8,58,20,155,17,4,405,163,1,85,97
2.3.2.3,0,2,11,4,0,25,4,0,3,1,4,6,0,0,2,0
2.3.2.6,0,0,0,5,0,1,0,0,3,6,12,3,1,0,1,1
2.3.3.-,9,39,26,7,0,11,20,18,49,163,175,38,117,8,41,14
2.3.3.1,3834,5289,8899,10075,1771,4839,6694,7980,4141,10659,12469,3806,3573,1746,4574,7918
2.3.3.13,792,1577,2146,2355,14537,2047,1781,3220,826,818,5674,1083,1068,24182,4186,10573
2.3.3.14,6,1,11,1,4,17,0,14,9,1,19,9,1,0,7,51
2.3.3.15,86,122,105,192,220,623,155,681,4007,9848,10280,4724,7235,1268,565,224
2.3.3.5,1,43,41,79,15,9,14,34,42,9,66,32,1,2,34,59
2.4.-.-,883,3380,3433,3135,3923,2856,6521,3918,2050,1502,4728,2784,2070,554,4179,6359
2.4.1.-,3377,7799,3148,8518,37012,14711,41164,17761,3567,1743,5844,6364,4549,1931,4624,2296
2.4.1.1,6247,18948,23113,14429,21709,44684,35078,30065,7218,11600,30790,15590,54851,68039,18576,18999
2.4.1.11,87,249,55,176,537,222,83,120,30,124,269,68,79,35,84,72
2.4.1.129,4,27,12,32,134,96,335,209,44,458,730,73,114,39,23,333
2.4.1.173,5,28,5,1,1,14,1,3,0,0,0,0,0,0,0,0
2.4.1.18,4975,19483,10248,16257,13666,14613,7603,7991,10559,5880,18021,12113,18609,34655,17802,10658
2.4.1.180,20,0,0,40,31,0,0,0,0,0,0,0,0,0,0,0
2.4.1.182,14123,12518,5796,11118,12914,6172,6916,12250,7778,5661,3126,5378,3604,4520,11834,32307
2.4.1.187,215,10,331,50,1,19,140,51,185,19,101,124,9,2,661,87
2.4.1.19,0,0,0,0,0,206,50,101,0,0,0,0,0,0,0,0
2.4.1.208,780,19,58,172,1,4,23,264,75,116,78,32,6,1,68,1
2.4.1.21,6116,12620,9067,15561,4587,7920,8306,7745,8627,3887,12097,8942,8654,1412,8634,10833
2.4.1.211,725,2196,1601,3010,510,7192,20076,3113,3176,2486,20397,5709,4969,4402,3868,5925
2.4.1.227,456,2085,1955,1919,785,1898,1001,1334,1774,259,1577,885,749,193,2006,3230
2.4.1.25,911,4181,2158,2315,8231,7452,4205,3387,2143,1492,5396,4984,6201,16575,7321,7399
2.4.1.250,116,949,282,241,568,1537,394,227,86,46,142,73,857,9,154,405
2.4.1.280,127,2369,243,1240,470,49760,355,1133,1206,693,1146,1375,216,371,1772,1717
2.4.1.281,3371,19549,422,9983,270,7215,212,3347,2457,10966,7146,872,9372,65,2887,17159
2.4.1.288,0,0,0,0,19,1,24,83,0,0,0,0,1,2,0,0
2.4.1.303,0,0,0,0,59,0,198,20,0,0,0,0,0,1,0,0
2.4.1.4,1346,1805,3526,2118,103,796,945,953,1058,144,4466,1774,7473,1469,1799,1976
2.4.1.54,156,2853,332,389,3939,845,432,1170,424,243,619,609,736,205,256,2194
2.4.1.8,660,958,1402,608,788,1335,1261,1746,269,86,608,27,10194,58,1818,4489
2.4.2.-,1191,2840,2325,2507,1139,3890,2784,2928,2055,1685,1752,2617,1335,367,4475,5144
2.4.2.1,853,4791,8674,8311,8524,8635,1648,1279,866,1876,2280,1426,3173,877,2667,6396
2.4.2.10,3921,1156,4939,689,1038,1227,1441,1553,1241,1970,1170,2712,5043,4328,11417,2618
2.4.2.14,602,1800,2051,1108,1888,2606,1265,774,961,1200,1491,2473,2069,227,1684,1783
2.4.2.17,141,1443,298,419,493,974,1033,532,156,552,285,193,83,57,471,916
2.4.2.18,5,44,1,10,988,34,547,558,4,11,28,8,9,61,8,43
2.4.2.19,99,1053,283,496,780,799,101,1979,407,227,1705,1293,442,140,1710,27692
2.4.2.2,79,88,284,312,4,409,52,449,291,438,666,458,179,21,1224,1235
2.4.2.21,16,31,57,18,11,58,7,31,75,54,139,80,49,14,33,249
2.4.2.22,122,289,459,314,74,88,68,277,94,42,154,352,145,9,956,849
2.4.2.29,386,3592,15380,11876,3799,11271,2528,4525,9910,592,12764,812,17828,198,1067,11942
2.4.2.3,905,856,1001,556,2115,407,2985,2503,620,265,526,504,452,213,1348,1881
2.4.2.53,104,1558,154,432,831,1646,96,275,90,495,825,362,1046,178,391,1135
2.4.2.7,72,91,183,249,4,108,110,197,123,53,68,129,54,10,129,147
2.4.2.8,160,257,638,342,173,364,384,356,422,241,605,921,557,23,709,661
2.4.2.9,1402,929,1908,1578,1183,888,1551,1362,876,692,2016,2209,1377,919,1585,6228
2.4.99.-,429,223,1108,702,176,318,926,381,130,211,625,248,99,52,742,1540
2.4.99.12,42,224,108,184,31,413,92,69,15,108,83,61,284,8,93,335
2.4.99.16,44,5038,73,144,87,1197,156,1836,1,86,939,46,193,244,49,137
2.4.99.17,338,2491,2601,1113,3127,1860,499,602,458,815,2672,874,1451,604,853,4688
2.5.-.-,0,0,13,0,1,77,46,17,16,0,73,36,0,0,5,1
2.5.1.-,459,1128,1062,678,642,923,656,793,458,376,1944,880,427,269,1097,1056
2.5.1.1,72,21,215,29,56,57,28,67,124,30,57,155,98,15,204,202
2.5.1.10,166,91,256,60,63,80,58,100,139,158,117,1253,108,16,10871,350
2.5.1.101,1,219,32,78,0,0,7,0,0,0,0,0,0,0,0,0
2.5.1.15,109,785,127,199,23,609,107,85,54,191,312,90,278,22,120,653
2.5.1.16,46,201,117,189,16,503,208,978,202,47,580,427,23,5,340,3698
2.5.1.17,473,768,469,164,657,104,428,581,182,110,42,117,45,355,910,701
2.5.1.19,49,157,277,96,74,248,169,129,292,5817,468,194,291,21,390,807
2.5.1.29,179,520,720,911,240,677,132,212,303,1021,490,319,1761,83,527,1570
2.5.1.3,118,126,48,261,15,78,54,108,376,417,1056,855,954,53,289,101
2.5.1.30,18,84,20,72,47,72,5,52,0,6,0,6,1,0,4,5
2.5.1.31,24,7,245,7,0,0,14,12,0,6,8,143,10,0,18,11
2.5.1.47,2173,2526,3825,2172,4582,1259,2151,7437,902,634,878,2079,2768,2966,6194,5217
2.5.1.49,1290,1890,2784,2480,7171,1940,4724,5038,3565,1300,2745,4551,6924,82541,5770,4292
2.5.1.54,927,1855,2504,1273,15905,1527,16327,2630,1056,590,1212,934,17417,81956,1768,11098
2.5.1.55,502,281,46,281,792,259,76,169,201,139,243,171,588,208,334,478
2.5.1.6,2654,2918,4507,2669,2949,3945,3911,4633,2505,1927,4258,3670,2777,733,5042,5487
2.5.1.61,19,97,30,30,0,6,3,26,68,1,155,199,7,0,16,30
2.5.1.68,148,130,199,289,2,21,43,19,88,6,4,249,31,9,97,5
2.5.1.7,1025,4279,2776,2028,11712,7666,19861,14211,1955,1759,2999,2130,3374,682,8490,5776
2.5.1.72,89,600,135,130,85,1167,82,141,75,241,547,133,460,210,486,1179
2.5.1.74,1,5,0,0,0,2,1,1,10,13,31,4,11,5,20,63
2.5.1.75,389,959,1322,988,170,415,386,201,482,132,579,564,539,42,519,622
2.5.1.76,42,807,46,140,6,829,29,14,14,41,153,57,282,88,11,248
2.5.1.78,72,1964,146,286,12,1014,132,654,43,136,669,710,9509,7,723,52
2.5.1.84,158,185,77,818,181,1992,200,89,138,328,661,158,1526,133,49,552
2.5.1.88,8,0,6,0,10,0,0,0,0,0,0,0,2,0,0,0
2.5.1.9,122,150,110,232,331,468,139,412,33,767,1011,158,493,67,276,612
2.5.1.90,18,77,9,20,17,205,10,17,9,90,121,15,72,32,68,259
2.5.1.97,16,70,609,42,0,140,331,222,1449,773,1290,1113,683,0,136,893
2.6.-.-,22,5,22,6,0,7,17,0,3,0,9,0,0,0,0,0
2.6.1.-,751,2573,1725,1971,2202,1693,3596,3270,1148,1099,4636,1113,4322,296,1173,2444
2.6.1.1,4082,7834,6364,1844,6992,1947,2850,3452,1777,3972,3562,2533,2254,550,2475,2644
2.6.1.100,14,1,10,20,0,26,1,1,0,1,0,0,0,0,0,0
2.6.1.101,14,1,10,20,0,26,1,1,0,1,0,0,0,0,0,0
2.6.1.11,9584,10894,7166,10090,769,3956,1702,4491,9307,983,2585,17025,6704,1072,11015,5590
2.6.1.13,42,615,15,18,10,71,30,94,0,0,1,0,1,0,0,2
2.6.1.16,881,972,1305,927,16658,612,5749,1804,723,311,624,4908,36290,819,13349,1684
2.6.1.17,33,3,65,9,46,14,88,14,48,64,125,155,26,0,37,29
2.6.1.19,442,253,103,183,0,0,42,278,118,64,387,311,84,1,230,75
2.6.1.2,10,8,5,14,45,29,36,108,9,6,13,1,0,1,670,59
2.6.1.21,49,143,103,124,0,160,85,124,179,51,122,186,76,25,56,141
2.6.1.22,442,253,103,183,0,0,42,278,118,64,387,311,84,1,230,75
2.6.1.33,2,88,0,31,7,548,15,16,5,187,800,14,6,15,131,17
2.6.1.34,2,45,8,23,0,1,0,0,13,8,0,9,0,1,0,3
2.6.1.37,28,16,52,12,336,32,90,202,8,7,18,19,5,3,84,40
2.6.1.39,1288,864,989,402,0,0,0,0,0,0,3,0,0,0,0,0
2.6.1.42,1722,1832,4275,3190,1892,1856,2446,4042,1483,1103,2099,1809,3653,308,2723,2861
2.6.1.44,20,18,2,115,0,0,0,0,4,0,1,0,7,0,1,1
2.6.1.48,0,0,0,0,0,0,0,8,0,0,0,0,14,0,26,0
2.6.1.51,20,18,2,115,0,0,0,0,4,0,1,0,7,0,1,1
2.6.1.52,3091,4487,7721,5191,2512,5748,2825,3224,3143,2093,5834,6143,5202,1250,3279,4032
2.6.1.59,11,43,325,1050,139,150,309,311,162,169,288,156,114,22,186,558
2.6.1.62,22,313,27,65,24,493,184,342,135,36,190,32,75,11,7,190
2.6.1.63,7,0,205,19,0,21,1,0,7,16,39,5,0,1,7,114
2.6.1.7,7,0,205,19,0,21,1,0,7,16,39,5,0,1,7,114
2.6.1.76,246,415,322,204,0,110,146,351,65,9,712,24,30,5,186,147
2.6.1.77,1569,3200,1374,3177,321,1586,545,3211,25,96,54,15,26,9,4205,597
2.6.1.78,57,377,58,40,32,44,49,76,28,59,634,101,109,59,153,28
2.6.1.79,57,377,58,40,32,44,49,76,28,59,634,101,109,59,153,28
2.6.1.81,0,0,0,30,0,0,0,0,5,0,0,0,8,0,0,84
2.6.1.82,2646,304,958,244,31,79,320,357,60,16,38,148,201,32,388,24
2.6.1.83,294,1008,1176,1005,502,902,893,1513,11842,2917,13730,1470,792,138,13167,18990
2.6.1.88,22,0,6,0,0,5,2,11,1,0,0,4,1,0,0,11
2.6.1.9,46,267,442,238,293,590,2528,2140,506,905,961,843,420,52,945,1094
2.6.1.90,0,5,22,8,12,306,605,559,55,0,12,39,0,6,22,74
2.6.1.98,19,35,83,18,3,571,13,369,206,295,647,192,132,3,316,476
2.6.99.2,114,273,84,264,92,901,173,131,77,432,254,138,303,142,99,391
2.7.-.-,1621,1428,2123,796,987,1352,974,591,1077,644,1134,700,1961,333,1039,1383
2.7.1.-,967,5967,3420,4702,763,2057,7168,2507,2231,1738,6763,2476,4708,1603,1963,4745
2.7.1.1,10,29,9,4,6,7,19,28,0,0,0,0,0,0,0,0
2.7.1.100,0,0,0,0,0,0,11,0,0,0,0,0,102,1,128,0
2.7.1.107,28,710,578,74,378,539,11,55,19,336,664,21,102,1,135,601
2.7.1.11,4858,24854,12442,13415,9341,27098,14746,12085,9971,10637,17937,13402,15806,3326,14574,18975
2.7.1.113,13,321,22,86,126,257,37,12,53,172,146,72,238,2,13,193
2.7.1.130,222,342,34,75,68,167,56,36,40,100,37,39,184,184,61,83
2.7.1.148,29,86,199,97,44,49,74,33,52,97,167,83,57,35,104,136
2.7.1.15,29,39,31,99,74,120,42,140,40,45,85,291,101,25,57,151
2.7.1.16,0,6,96,11,0,0,0,0,0,0,0,42,0,0,18,0
2.7.1.162,636,3558,795,1187,3154,1347,775,617,641,795,1797,1302,776,227,372,850
2.7.1.165,26,28,49,62,10,43,17,48,65,26,26,32,23,1,53,52
2.7.1.167,0,38,0,0,0,12,5,4,0,0,0,0,0,0,0,0
2.7.1.168,17,7,19,30,3,8,4,3,2,3,2,5,1,0,15,14
2.7.1.17,1745,3821,2644,4043,4136,2128,986,1778,1137,1314,3335,2794,1193,819,2918,3008
2.7.1.170,0,0,25,0,0,0,12,0,0,0,11,23,0,0,0,23
2.7.1.176,5,30,4,12,19,66,0,115,9,0,506,20,16,1,71,115
2.7.1.2,1167,8315,1265,2564,3245,2045,1053,1291,1337,2600,5191,2189,2086,718,1546,4084
2.7.1.21,63,427,191,348,80,341,56,60,136,83,289,106,319,33,151,191
2.7.1.23,159,167,141,113,43,120,91,103,184,53,226,80,543,25,225,126
2.7.1.24,9,4,3,18,38,80,0,5,8,24,50,8,38,21,17,21
2.7.1.25,51,434,436,691,128,1483,22,114,11,617,99,565,32,25,16,19
2.7.1.26,24,76,44,18,81,90,29,86,16,5,30,14,40,139,614,923
2.7.1.28,52,31,73,3,0,46,21,0,15,9,49,64,64,13,3,47
2.7.1.29,52,31,73,3,0,46,21,0,15,9,49,64,64,13,3,47
2.7.1.30,5641,3519,5777,6493,11662,4373,6363,7199,9379,3455,7182,9147,13327,23441,10478,7221
2.7.1.31,0,106,52,71,30,17,20,24,56,107,399,78,155,23,39,31
2.7.1.33,29,235,92,53,845,106,877,548,65,83,1211,41,136,61,482,205
2.7.1.35,0,29,2,13,564,12,0,248,8,12,7,5,3,13,9,21
2.7.1.39,0,4,0,0,7,1,69,0,0,0,0,0,0,5,0,0
2.7.1.4,181,363,124,373,387,197,63,84,348,56,405,293,126,15,374,539
2.7.1.40,2145,5031,4407,2478,18010,4469,45665,13990,1288,2726,2671,7681,16212,6608,17537,5554
2.7.1.45,129,660,216,640,1916,425,2399,615,200,1176,1050,288,553,750,689,685
2.7.1.48,169,319,480,198,209,683,187,600,1398,181,428,2625,1617,23,808,193
2.7.1.49,131,147,107,282,17,76,201,83,303,443,1068,859,952,12,324,120
2.7.1.5,78,1114,47,693,239,253,112,98,384,940,2474,434,233,132,207,629
2.7.1.50,26,39,44,56,3,10,110,24,20,0,3,17,17,1,6,13
2.7.1.52,17,98,15,27,361,116,8,42,862,1703,889,156,1214,429,455,1163
2.7.1.56,0,1,0,0,11,1,0,0,0,5,0,38,11,0,9,0
2.7.1.6,894,8258,1619,3096,1929,8218,25820,2457,709,2059,5848,2813,6472,1006,1724,2299
2.7.1.63,0,5,0,0,27,0,224,65,0,0,0,0,12,24,6,0
2.7.1.68,0,22,4,27,9,18,5,6,1,11,3,3,5,2,3,2
2.7.1.69,5747,18517,7926,30916,1993,35972,41555,52440,42409,37051,51139,51933,25960,14231,23077,73561
2.7.1.71,36,114,46,253,35,81,97,101,56,35,63,37,19,13,28,55
2.7.1.76,41,495,22,88,0,0,0,0,191,98,86,418,401,0,0,23
2.7.1.90,371,1980,620,549,7007,1230,5982,6805,556,746,1715,1564,10318,10822,5477,1836
2.7.1.92,113,678,123,179,186,197,33,73,92,7,108,262,187,23,126,437
2.7.10.-,121,1954,39,513,149,1424,217,145,82,210,434,117,490,14,109,271
2.7.11.-,722,1468,1752,1170,410,398,1480,1451,290,418,593,2936,19636,227539,47749,1045
2.7.11.1,674,737,2803,2070,1008,1655,2356,2064,2284,1617,2284,2392,1279,96,1444,3288
2.7.13.3,32576,86608,35166,49756,21813,54123,40210,51717,21519,22828,34207,39305,43666,6493,40633,62348
2.7.2.1,4124,7178,7520,6324,3101,17224,7576,8668,5454,3026,8337,8177,5771,1982,7748,12508
2.7.2.11,215,97,375,179,2517,295,809,1576,194,135,319,238,213,522,806,599
2.7.2.2,837,522,625,256,709,3301,2282,1317,4684,206,9986,2382,822,448,592,698
2.7.2.3,6638,14003,17656,17849,18345,13258,16236,25215,17185,7034,16420,10364,12584,3317,29762,16586
2.7.2.4,1690,5340,6652,2695,4211,4506,3162,4163,3054,6258,4084,3035,2496,28550,5016,8320
2.7.2.7,43,46,338,184,7,419,100,150,14,71,145,235,159,23,112,476
2.7.2.8,352,460,995,392,500,299,707,2215,650,206,868,531,272,181,414,1846
2.7.3.-,0,2,0,0,0,49,34,14,0,0,0,0,0,0,0,0
2.7.3.9,2856,7013,4682,9940,1885,1922,8169,5635,3969,2181,7328,7232,12250,1297,13063,4513
2.7.4.-,679,1264,1671,1127,212,369,1381,1340,268,105,487,704,1040,85,377,223
2.7.4.1,878,1793,1004,1234,538,1364,1870,1825,1662,1775,2686,1264,2116,1226,2725,3407
2.7.4.16,464,5105,3093,1894,2095,4432,2840,3748,492,1708,1618,1303,1652,852,628,4824
2.7.4.22,2423,5395,4615,7032,3025,4025,5396,3952,1952,1867,3482,2866,8447,17112,13204,4122
2.7.4.25,89,332,272,328,151,150,156,212,220,137,196,290,483,84,131,471
2.7.4.3,1287,3045,8390,2895,3431,8258,4873,3196,3100,2609,7725,5170,3716,368,2546,6048
2.7.4.6,77,8,34,98,56,266,116,45,60,88,174,23,177,57,53,256
2.7.4.7,131,147,107,282,17,76,201,83,303,443,1068,859,952,12,324,120
2.7.4.8,438,610,1160,273,241,119,248,253,696,125,820,200,204,40,343,365
2.7.4.9,11,56,196,92,29,33,82,54,17,23,27,30,12,44,75,103
2.7.6.1,1901,6973,6016,6053,7865,10499,12770,10028,5685,3519,10634,7213,12123,15671,13760,11375
2.7.6.3,1,14,0,59,1,14,14,15,1,7,10,39,9,5,9,68
2.7.6.5,2984,16958,21181,20708,5918,6946,10340,19512,4074,13773,7741,5487,6505,93118,25905,18530
2.7.7.-,819,1219,1393,1414,363,2822,1187,906,610,1539,7331,1224,2333,220,1184,5842
2.7.7.12,652,1261,1597,2144,661,2564,3400,3438,2121,2065,3191,2845,2863,235,2448,3415
2.7.7.13,295,5677,300,982,371,2874,299,290,249,1154,1181,453,2169,217,671,1679
2.7.7.18,161,57,213,90,14,44,59,93,606,35,71,220,29,29,118,328
2.7.7.2,24,127,44,18,81,104,37,87,16,5,30,14,40,139,614,923
2.7.7.23,209,162,304,134,303,252,91,231,280,103,176,346,2358,8,1483,284
2.7.7.24,630,2924,1133,1709,3795,3053,690,886,1091,996,3074,1710,34423,100853,19153,1671
2.7.7.27,21671,44755,25044,57714,5980,26528,29754,26886,31386,19400,53921,36646,18911,5091,27162,45279
2.7.7.3,78,133,437,188,102,382,617,797,30,91,101,411,244,27,116,162
2.7.7.30,3,21,1,1,0,44,3,19,6,2,80,22,435,1,11,14
2.7.7.33,180,5949,2119,5539,76,143,140,116,625,132,2057,2395,753,4,385,916
2.7.7.38,145,411,107,110,105,345,98,715,49,232,266,52,54,25,520,365
2.7.7.39,0,15,19,0,10,27,24,281,6,3,15,1,0,0,61,21
2.7.7.4,426,1397,1026,1968,544,5255,6403,5261,2893,3660,6111,3445,2255,754,5800,9926
2.7.7.41,25,14,143,54,29,75,128,141,35,130,25,135,176,341,537,185
2.7.7.42,0,3,0,0,53,0,33,63,0,0,0,0,4,0,1,1
2.7.7.43,0,282,3,22,0,0,0,0,0,25,0,35,40,0,4,0
2.7.7.49,306,217,1573,374,4182,476,1540,983,207,284,531,46693,1437,972,31511,3312
2.7.7.53,84,83,25,84,0,6,0,51,1,1,5,16,19,11,314,94
2.7.7.56,54,95,181,392,22,42,86,49,42,17,10,180,25,2,104,62
2.7.7.6,29300,99693,81510,59392,100573,156800,115569,103325,53665,58797,104024,78318,134100,202691,99351,87414
2.7.7.60,51,75,140,3279,40,116,18,292,240,361,91,322,134,28,334,628
2.7.7.63,26,29,255,61,561,110,138,374,21,57,104,100,75,1,391,160
2.7.7.65,35,0,0,0,0,67,55,49,0,0,0,0,40,0,0,0
2.7.7.7,5148,22589,9824,14211,19931,27202,11899,17730,7114,14245,18538,9670,18688,3176,10877,28796
2.7.7.70,0,38,0,0,0,12,5,4,0,0,0,0,0,0,0,0
2.7.7.72,94,1628,279,465,4075,1312,268,523,146,373,940,199,771,80,278,1643
2.7.7.75,9,0,21,1,0,0,16,14,129,4,24,102,8,2,56,1
2.7.7.8,8678,34154,18678,14935,23182,37945,18423,22717,9924,12739,19935,13936,17677,4616,16696,35328
2.7.7.80,7,12,9,0,0,68,177,7,9,0,3,0,10,1,1,0
2.7.7.81,0,0,0,0,0,0,0,0,0,7,22,6,0,0,11,0
2.7.7.83,5,14,30,33,0,18,12,0,9,0,0,0,0,0,92,81
2.7.7.85,12,27,32,395,4,41,2,6,50,7,123,15,1,36,22,8
2.7.7.87,526,1196,601,1056,64,677,229,533,193,439,419,369,371,44,611,1059
2.7.7.9,753,296,1289,826,409,289,723,1663,347,80,216,995,4322,2770,2335,872
2.7.7.n1,11,747,168,301,128,335,49,76,109,94,468,190,1291,39,45,301
2.7.8.-,306,908,955,459,3181,628,330,1827,377,656,848,471,331,84,305,1588
2.7.8.13,222,498,563,584,558,500,7565,1909,414,189,723,349,1997,868,559,588
2.7.8.14,0,1,1,4,18,338,1,244,299,351,367,357,81,0,219,368
2.7.8.31,90,272,1586,376,2472,419,3210,3439,616,546,665,538,403,306,752,590
2.7.8.33,254,70,202,153,111,92,230,190,177,398,396,232,212,37,261,539
2.7.8.36,3,6,1,70,0,16,0,1,0,20,0,29,0,3567,811,0
2.7.8.40,1,1424,8,363,16,348,337,178,174,385,82,31,1084,9,1437,926
2.7.8.5,122,162,447,663,412,1050,2221,1035,818,1666,1263,363,561,19,1044,1317
2.7.8.8,15,11,77,99,11,44,20,155,2,24,64,13,5,14,45,60
2.7.9.1,21169,63628,41621,54813,37037,61997,42736,30965,35977,21558,81654,45891,49705,9647,29633,42576
2.7.9.2,260,333,265,328,45,474,174,1098,893,1717,2512,1075,2124,126,1469,386
2.7.9.3,179,241,278,181,7,71,51,75,156,23,56,166,48,2,176,33
2.8.1.-,311,2633,412,1547,341,3873,998,1229,830,1034,1063,271,825,188,947,694
2.8.1.10,50,864,84,48,167,77,223,67,70,115,369,18,498,18,74,5736
2.8.1.11,7,12,9,0,0,68,177,7,9,0,3,0,10,1,1,0
2.8.1.4,271,800,1405,1781,2209,2032,13950,21582,579,1104,1064,1346,7285,785,2054,4842
2.8.1.6,18,360,117,90,35,467,122,40,256,19,613,276,75,3,9,154
2.8.1.7,970,4173,2900,1905,1975,2125,5523,2711,1030,746,3465,948,6161,732,1598,2402
2.8.1.8,84,118,85,172,130,431,126,77,62,218,58,77,754,58,79,434
2.8.2.22,42,465,137,408,2,154,129,131,11,5,16,1014,39,0,388,551
2.8.3.-,4598,8534,10316,14786,5463,4189,3631,3536,5370,3392,9328,8136,6014,946,4593,6106
2.8.3.10,244,825,247,938,28,486,151,229,416,181,286,778,402,26,739,212
2.8.3.12,766,1293,482,2910,98,360,222,460,919,376,690,593,1289,243,555,447
2.8.3.13,1,2,0,1,6,0,0,1,0,0,0,7,0,0,0,7
2.8.3.16,1093,2499,886,456,34530,1536,12111,15354,378,1949,277,476,990,1486,1562,2072
2.8.3.5,708,47,932,522,59,490,970,905,508,156,970,1114,355,31,517,485
2.8.3.6,101,1,1,28,0,0,12,23,19,0,0,0,41,0,89,0
2.8.3.8,1357,3618,2260,2316,26,237,129,678,345,118,960,663,301,201,496,360
2.8.3.9,6,58,37,518,0,72,1,7,32,4,34,4,24,0,0,0
2.9.1.1,69,30,96,21,2,83,41,165,59,28,82,78,81,3,253,162
3.-.-.-,1335,2980,5220,3672,1801,6418,4270,2861,7897,2513,7815,5345,4442,291,1795,3108
3.1.-.-,12839,36280,26782,25849,28189,60702,42527,42771,18070,18508,34237,73343,40625,8342,55347,40169
3.1.1.-,693,2537,307,2729,635,2674,252,506,380,393,1269,467,360,226,854,1499
3.1.1.1,3,29,2,5,6,20,8,6,12,5,26,31,3,2,10,7
3.1.1.11,2,82,0,13,6,56,3,1,7,48,52,9,30,7,7,22
3.1.1.29,28,262,188,204,134,2412,180,702,136,179,140,470,169,142,74,121
3.1.1.31,39,63,227,139,350,176,33,52,0,57,102,36,23,0,11,21
3.1.1.47,6,55,4,3,8,21,4,8,0,3,17,3,10,16,38,92
3.1.1.5,15,94,48,16,22,144,28,29,9,54,349,88,123,103,174,582
3.1.1.53,5,153,3,14,3,71,5,5,22,180,238,14,61,34,39,104
3.1.1.61,1453,1829,2105,2583,250,1232,1259,1927,4927,379,3134,2869,1801,131,4432,1722
3.1.1.72,12,88,14,133,434,68,15,28,52,208,1033,5794,498,60,188,1331
3.1.1.73,19,100,17,64,145,160,16,14,42,217,464,28,85,18,89,168
3.1.1.87,605,816,405,1013,0,0,0,0,0,0,0,0,8,0,91,22
3.1.11.2,641,437,751,611,644,2036,1052,1549,509,758,676,950,292,97,534,946
3.1.11.5,3,6,12,1,0,2,3,1,17,55,47,11,4,1,13,25
3.1.11.6,397,1569,1522,1181,59,523,625,420,355,202,1107,291,458,61,437,1238
3.1.13.1,2068,14220,40833,6158,9549,10183,2176,20597,1702,9707,7617,2207,7784,1487,4765,11190
3.1.2.-,56,235,80,246,14,10,16,34,156,181,398,177,193,70,85,110
3.1.2.30,0,38,0,301,0,0,0,0,30,0,115,0,27,0,0,0
3.1.21.-,263,800,254,809,30,225,657,494,43,109,355,327,253,40,190,298
3.1.21.2,290,372,261,284,475,566,214,510,287,168,571,403,228,106,490,946
3.1.21.3,332,1855,731,1037,506,4307,590,576,612,1214,3016,824,1477,110,434,1199
3.1.21.4,113,117,119,329,24,47,381,90,81,55,440,99,441,18,17,32
3.1.21.5,163,1248,331,328,21,767,245,421,221,431,219,825,272,41,183,579
3.1.21.7,0,0,9,9,0,0,0,7,1,7,179,8,9,1,5,8
3.1.22.-,20,66,82,27,24,115,145,86,135,55,291,44,58,2,60,226
3.1.22.4,50,48,104,39,442,73,102,118,76,96,69,98,217,13,82,172
3.1.26.-,325,1922,1322,758,2820,2609,841,2116,195,849,1386,509,1076,338,973,4383
3.1.26.11,590,319,1242,579,118,430,1197,892,399,697,1230,365,290,119,381,557
3.1.26.12,12,10,9,9,16,54,2,32,107,245,312,179,263,3,43,39
3.1.26.3,235,464,804,294,95,103,269,280,69,122,150,504,107,27,241,149
3.1.26.4,7759,417,18603,7375,99,19562,19906,14625,1224,4899,4104,3517,237,4696,9677,19711
3.1.26.5,76,27,56,93,86,68,101,151,160,322,286,108,146,6,71,25
3.1.26.8,0,0,1,0,7,1,0,0,0,0,0,11,0,0,12,0
3.1.3.-,10754,44565,2969,18214,2113,19905,13936,24618,894,1066,2294,6432,18523,489,18590,24634
3.1.3.1,131,492,188,176,117,548,261,109,116,275,846,175,158,105,230,610
3.1.3.10,0,0,315,0,27,26,0,0,0,0,0,0,0,0,0,0
3.1.3.11,969,1617,942,1396,1153,1890,1838,8489,517,598,832,714,594,89,1328,1035
3.1.3.15,5,58,7,22,1072,96,226,648,17,76,31,36,87,30,43,107
3.1.3.16,55,76,81,15,12,7,58,28,21,11,67,38,35,11,63,183
3.1.3.18,37,5337,906,106,96,3260,79,38,31,60,97,54,69,11,35,135
3.1.3.2,0,6,0,0,150,37,0,0,0,0,0,0,0,0,0,0
3.1.3.23,0,65,0,0,0,0,0,11,113,7,3,85,1451,650,42,47
3.1.3.25,82,73,125,24,119,83,18,40,53,37,102,138,9,25,66,30
3.1.3.3,65,1366,347,468,288,809,64,94,109,478,335,525,762,94,125,1717
3.1.3.45,114,430,20,28,11,32,24,6,19,39,82,33,163,40,89,200
3.1.3.48,103,105,140,245,245,58,1364,942,92,43,141,193,317,18,107,194
3.1.3.5,544,383,421,519,408,963,906,499,677,391,1460,2955,850,819,1142,1143
3.1.3.6,202,91,106,262,359,89,657,95,341,178,1228,1938,711,22,165,239
3.1.3.68,0,13,0,1,0,8,2,3,0,2,4,0,4,3,32,60
3.1.3.7,1760,610,3442,477,1192,4101,2863,2569,96,482,402,220,1357,290,1843,4885
3.1.3.89,20,50,141,31,9,15,22,21,47,22,13,56,7,2,20,36
3.1.3.n6,0,0,1,0,16,0,0,0,0,0,13,0,0,0,160,89
3.1.30.-,4,214,1,3,2,2,3,4,1,1,7,0,2,11,12,66
3.1.30.1,0,0,42,0,0,121,12,22,8,0,53,36,53,0,24,49
3.1.4.-,402,1790,558,906,543,883,433,488,180,428,876,855,846,78,573,2012
3.1.4.1,4,239,3,67,11,108,6,16,5,45,143,23,688,16,311,1108
3.1.4.16,202,91,106,262,359,89,657,95,341,178,1228,1938,711,22,165,239
3.1.4.52,834,2216,1962,2219,438,1982,3832,1418,1625,1115,3623,2186,1436,69,1326,1409
3.1.6.-,65,1160,145,569,97,3173,252,180,148,473,1011,253,895,107,144,328
3.1.6.1,52,1119,88,305,24,947,75,39,54,421,910,217,604,140,116,741
3.1.6.12,11,11,1,0,2,12,10,8,1,74,15,2,14,10,19,35
3.1.6.2,49,70,23,178,6,50,2,7,45,85,467,123,100,39,84,233
3.1.6.4,276,1289,629,1203,47,1247,63,39,103,607,765,202,564,34,42,145
3.1.6.6,13,31,7,15,20,19,0,0,1,10,105,71,58,11,4,9
3.1.6.8,143,47,254,81,8,82,35,65,60,69,496,423,23,105,74,165
3.1.7.2,497,5852,604,445,709,2633,508,448,305,541,1203,433,1115,226,391,1949
3.11.1.1,4,0,28,0,327,0,70,165,0,0,0,0,0,0,4,22
3.13.1.1,1,0,0,0,0,0,0,0,68,217,708,723,183,0,0,0
3.2.-.-,384,1713,1237,2791,101,226,302,315,351,514,683,544,2466,31,944,886
3.2.1.-,1302,21180,2388,3537,2206,14131,2011,3348,496,1984,8184,2649,6170,1171,1255,4724
3.2.1.1,556,16228,1818,5270,1869,10522,2226,1332,2228,2494,982,1360,6847,15514,2155,3269
3.2.1.10,435,3875,9070,10457,507,3569,3247,2883,2338,639,3308,6266,1452,481,740,1171
3.2.1.122,409,1435,859,861,0,2720,329,787,455,201,272,632,428,33,276,1839
3.2.1.131,3,989,12,244,98,1296,24,14,12,139,669,444,137,3,28,49
3.2.1.133,211,81,226,287,63,120,474,477,822,459,665,555,221,61,498,702
3.2.1.135,110,826,426,1508,7310,992,717,1200,201,286,745,328,503,110,476,1194
3.2.1.136,163,34,0,120,115,7,0,0,0,0,0,0,0,0,0,0
3.2.1.141,0,0,0,0,0,0,0,0,0,26,23,0,0,0,0,5
3.2.1.15,16,125,1,23,11,151,6,3,35,44,43,89,143,21,36,98
3.2.1.152,14,4161,14,8,13,521,9,14,0,0,0,0,0,1,0,1
3.2.1.167,1,17,2,1,1,199,9,14,5,19,24,71,10,0,2,20
3.2.1.169,629,9276,506,3252,1,6248,95,142,4,574,2764,568,4096,502,113,2007
3.2.1.17,83,7,11,94,0,96,29,119,106,0,157,134,92,0,145,512
3.2.1.170,25,731,263,548,0,5,0,1,521,70,2133,384,597,34,79,205
3.2.1.172,9,26,0,2,3,197,1,0,25,72,75,104,32,6,33,56
3.2.1.177,194,804,181,433,171,3694,714,1439,347,180,857,306,601,224,358,345
3.2.1.18,9,548,7,96,10,412,92,18,58,510,223,146,195,58,64,245
3.2.1.180,46,188,141,154,2180,735,73,106,56,40,100,118,54,6,229,59
3.2.1.184,0,0,62,322,0,0,12,0,0,0,0,0,0,0,0,0
3.2.1.185,55,28,238,78,41,74,90,294,126,90,303,230,79,3,258,59
3.2.1.20,93,302,596,415,8031,369,1251,716,197,215,432,551,322,172,795,1272
3.2.1.21,1157,20209,5651,5245,1035,15261,1326,1482,1468,6104,12362,2313,8412,252,2655,10569
3.2.1.22,1258,6657,3253,3801,5833,7304,2890,3589,849,2766,4008,2589,3852,3678,3219,4374
3.2.1.23,3414,12845,4952,7599,4193,21400,22119,8914,2812,7032,13497,5328,7814,7564,5712,12361
3.2.1.24,678,1002,1504,3097,102,3793,1916,200,827,495,8896,1939,986,108,187,337
3.2.1.25,175,428,158,146,71,520,251,225,174,223,2272,262,567,387,269,483
3.2.1.26,100,256,202,102,28,308,249,620,115,29,305,120,316,1563,627,153
3.2.1.3,107,1152,92,385,268,471,807,463,166,346,515,309,276,1104,75,402
3.2.1.31,410,394,336,475,224,246,263,201,42,342,249,180,809,134,396,1189
3.2.1.35,0,18,173,727,0,22,167,229,0,0,24,398,0,0,0,0
3.2.1.37,737,1307,331,489,744,2188,3742,654,246,571,862,179,456,106,333,349
3.2.1.38,0,1,0,0,1,0,124,60,30,37,0,0,1,105,13,8
3.2.1.4,81,4,676,153,0,1,38,69,112,205,8,178,46,23,265,245
3.2.1.41,300,1081,588,550,1780,309,1699,2581,1958,6302,3252,577,880,312,576,6498
3.2.1.48,29,2377,6814,7811,3,1831,1810,1175,1183,213,1538,3792,457,265,13,41
3.2.1.50,9,448,95,255,234,26,55,55,9,70,212,47,36,9,23,24
3.2.1.51,626,12303,1711,5280,451,5336,910,1248,606,1436,4196,1685,5934,1208,1064,3429
3.2.1.52,819,16668,1254,5781,2623,7417,957,2436,1464,3658,6991,2910,8430,1412,1295,6139
3.2.1.54,336,505,2882,2085,1079,4415,6448,4461,4432,3520,5700,4423,2802,131,3163,8142
3.2.1.55,1002,1947,762,1202,4881,3294,365,782,509,1031,1890,746,1205,206,958,1371
3.2.1.67,0,0,0,7,8,5,0,4,0,0,0,0,0,0,0,0
3.2.1.68,1607,2938,1521,1872,1012,2628,3305,2389,4131,5585,5959,7010,3304,168,4333,10265
3.2.1.70,2,1,3,7,1,52,33,18,2,18,13,64,7,2,33,0
3.2.1.73,1,24,1,6,1,28,1,1,1,6,6,0,3,3,6,34
3.2.1.75,22,182,19,74,59,232,11,29,15,54,63,13,56,12,41,1222
3.2.1.78,51,2484,41,232,6,2703,26,71,1,0,21,73,4,0,7,31
3.2.1.8,51,380,30,63,168,236,59,64,43,104,91,39,121,68,236,356
3.2.1.80,10,1338,11,22,119,319,3,4,8,181,156,20,1612,216,22,89
3.2.1.82,0,177,0,68,6,149,13,4,27,133,183,41,22,9,56,95
3.2.1.84,31,454,5,179,15,2966,0,33,124,95,164,104,319,178,1,60
3.2.1.85,0,0,0,0,1290,0,1779,494,0,0,0,16,1618,524,126,0
3.2.1.86,1567,2055,4975,4692,20175,1831,30926,15871,509,536,453,2188,22365,308457,27874,2069
3.2.1.93,18,40,93,16,0,22,2,3,40,0,0,9,3,0,4,1
3.2.1.96,141,1937,536,1441,923,3812,891,1745,33,367,1095,1267,650,13,351,463
3.2.1.97,346,546,1388,3574,6,3099,4179,219,2792,1019,5492,2953,4521,22,1094,141
3.2.1.98,0,367,0,0,0,38,94,87,0,1,0,0,0,0,7,0
3.2.1.99,11,53,14,28,30,101,11,2,6,23,7,16,24,1,8,3
3.2.1.n1,12,228,2,16,11,52,16,17,46,167,174,44,63,24,57,153
3.2.1.n2,12,228,2,16,11,52,16,17,46,167,174,44,63,24,57,153
3.2.2.-,277,430,3235,757,60,1533,1951,2245,2170,2017,1701,2334,1130,188,1775,2793
3.2.2.20,0,2,0,0,1,38,8,0,1,15,14,9,38,5,0,10
3.2.2.23,42,79,40,12,2,17,10,29,0,0,0,0,0,0,36,0
3.2.2.24,0,0,164,0,3,0,8,65,61,0,0,37,0,0,28,148
3.2.2.27,208,6183,2020,2380,146,10448,24180,35431,472,276,2017,336,2824,6149,2902,2345
3.2.2.3,0,6,0,0,0,8,2,0,0,0,0,0,0,1,5,1
3.2.2.4,26,171,42,47,88,295,31,55,17,67,68,40,8,22,34,84
3.2.2.9,11,12,14,30,1,1,22,28,41,53,131,36,546,8,29,38
3.2.2.n1,11,0,0,0,0,0,0,0,0,0,40,0,0,0,0,8
3.3.1.1,771,857,1258,751,381,2029,777,1642,877,1062,3576,1259,3178,396,2021,3752
3.4.-.-,4299,8434,10769,7402,4610,10078,14855,12484,7513,6005,6669,8616,9812,1979,12569,15696
3.4.11.-,21609,4138,9937,19824,1858,3150,3163,3531,4409,1346,4525,7992,5941,14435,4990,3260
3.4.11.1,298,385,598,376,1,5,44,58,330,22,225,25,68,0,282,83
3.4.11.10,298,385,598,376,1,5,44,58,330,22,225,25,68,0,282,83
3.4.11.15,0,104,0,0,0,12,15,6,0,0,0,0,0,0,0,0
3.4.11.18,1348,8031,5142,5033,1823,8507,4230,3179,3046,4137,8799,5624,12200,16677,4006,4944
3.4.11.2,13,20,1,0,3,15,27,4,34,26,107,14,13,13,31,29
3.4.11.4,762,4703,2161,1304,1392,2093,1879,2157,939,1250,2373,1699,1962,462,985,3693
3.4.11.9,796,1776,637,1403,368,810,1939,285,310,198,1573,783,1322,251,413,869
3.4.13.-,137,155,300,128,161,475,2329,251,216,265,257,645,91,7,183,110
3.4.13.18,2701,9962,5572,3548,3067,15447,5298,7736,2434,5059,7209,3957,6164,1444,2490,7210
3.4.13.19,20,96,16,29,12,407,17,17,21,126,139,21,69,50,58,103
3.4.13.21,120,969,173,325,179,695,115,91,76,159,320,65,455,4,64,361
3.4.13.9,859,2722,839,603,527,2396,684,761,218,1612,2354,486,1505,494,783,3544
3.4.14.-,498,3895,587,1377,719,4009,527,747,159,807,1580,703,2706,307,397,2596
3.4.14.12,90,1597,1110,755,824,673,62,77,758,1127,2155,745,497,51,115,1479
3.4.14.4,0,0,2,0,0,8,0,0,2,1,18,1,23,1,0,0
3.4.14.5,264,2362,221,527,249,1492,154,112,145,355,647,183,1458,273,296,1515
3.4.15.5,793,5725,1130,1703,43865,6008,830,6773,1269,4069,4844,1229,2668,1795,919,32555
3.4.16.-,0,6,11,18,15,6,2,0,0,0,4,1,1,0,3,0
3.4.16.4,1704,592,855,851,111,138,503,227,442,191,634,474,313,37,1145,919
3.4.17.-,62,148,52,606,7,38,5,11,101,90,86,284,262,20,80,439
3.4.17.13,78,22,267,25,0,461,26,346,203,240,392,111,112,92,3,13
3.4.17.19,13,20,273,32,110,20,8,35,87,135,293,195,427,0,371,188
3.4.19.-,72,7,41,20,3,15,2,6,52,2,17,112,12,0,20,1
3.4.19.11,2,2,30,15,0,14,69,50,1,3,1,0,0,0,0,10
3.4.19.12,1,53,104,38,0,0,1,0,2,0,0,2,0,1,1,0
3.4.19.13,176,440,172,38,5,8,58,20,155,17,4,405,163,1,85,97
3.4.19.3,118,0,114,1,6,131,138,14,100,47,267,204,146,0,74,30
3.4.19.5,32,1114,11,32,16,521,17,33,11,7,32,9,22,9,23,19
3.4.21.-,4764,7954,3657,13031,1769,7749,2605,4099,3270,7319,7722,6479,8013,1058,2036,8678
3.4.21.102,565,6568,1300,3016,1638,5489,1225,888,391,833,3623,421,1567,582,1304,4241
3.4.21.105,0,0,8,2,0,15,16,0,34,0,3,19,7,0,1,0
3.4.21.107,20834,8948,43089,10202,15267,5244,12316,20507,12683,9758,5349,18395,6311,7092,23111,16552
3.4.21.116,19,51,36,39,39,19,127,175,9,4,14,38,3,0,44,58
3.4.21.26,108,50,208,977,116,2534,87,126,34,135,980,215,1702,315,139,917
3.4.21.53,7000,13452,14334,4831,25878,4508,29949,17617,5692,5486,4061,8710,28573,143908,18430,14784
3.4.21.62,10,177,9,6,22,82,11,12,9,57,84,27,55,33,81,270
3.4.21.88,1080,1158,3769,4456,414,1624,909,1084,1787,1054,1177,1119,1081,202,1862,1640
3.4.21.89,213,753,498,510,446,1446,92,328,37,173,408,273,359,85,355,519
3.4.21.92,3379,3275,9744,4504,3354,3550,5525,4306,2994,3939,5980,6223,3455,1211,4822,8305
3.4.21.96,20,12,5,3,0,9,1,9,1,14,4,21,2,0,4,15
3.4.22.-,12,682,242,174,28253,112,7,22,6,26,155,15,1290,32,456,1721
3.4.22.16,5,9,0,36,0,85,427,378,989,484,1254,426,35,1,0,396
3.4.22.40,186,947,453,208,687,767,1137,882,104,159,407,227,262,91,290,156
3.4.23.-,2,0,4,2,1,18,3,0,4,15,24,7,0,0,0,2
3.4.23.36,18,203,48,198,8,186,50,36,47,27,46,80,111,37,201,265
3.4.24.-,19410,36410,40619,30375,48745,41991,74590,67703,20525,23257,32492,31325,47980,42286,42194,38599
3.4.24.64,139,394,40,53,0,176,88,76,0,1,0,0,0,0,171,0
3.4.24.70,260,582,448,402,800,439,168,148,86,182,291,119,312,99,109,36
3.4.24.71,506,1236,648,760,1119,1277,1103,567,1095,446,1650,458,1077,212,782,910
3.4.24.75,51,72,43,30,67,145,379,455,18,20,58,7,116,12,52,15
3.4.24.78,11,0,11,1,0,4,23,6,11,16,0,0,0,1,12,80
3.4.25.2,59,6,241,46,58,8,30,20,89,160,18,112,0,1,164,3
3.5.-.-,81,711,1216,1723,2782,777,562,814,200,137,735,523,321,139,1067,799
3.5.1.-,2228,3440,2176,3189,3062,2780,1380,2973,1867,737,2911,3129,1279,382,1930,2497
3.5.1.1,228,5053,497,3903,13770,638,243,259,1715,3518,6319,634,5410,161,569,4551
3.5.1.10,3,38,3,5,455,34,3,7,6,11,4,11,8,9,9,13
3.5.1.104,0,0,0,0,0,0,0,0,0,5,0,1,1,10,6,6
3.5.1.110,5,0,2,0,3,0,5,0,1,0,1,6,6,0,0,1
3.5.1.116,181,12,6,19,1,4,1,6,3,0,62,18,5,3,832,12
3.5.1.18,12,86,1,19,16,60,11,8,2,27,63,19,1413,5,30,88
3.5.1.2,69,195,86,317,1411,418,165,501,271,231,102,163,171,354,1053,2675
3.5.1.24,198,564,607,300,88,1227,668,476,2187,5283,2430,835,1098,1098,1823,3061
3.5.1.25,164,1175,1069,1921,138,705,1169,1072,441,398,880,1131,116,154,1810,393
3.5.1.26,0,0,0,0,10,2,12,10,0,5,4,4,3284,4471,1142,1
3.5.1.28,467,9639,11385,17081,51,150,4870,11425,235,10557,9221,768,520,223,9034,8648
3.5.1.3,28,4,12,15,20,3,9,29,12,2,11,22,1,0,56,18
3.5.1.32,27,21,62,62,4,12,10,26,51,1,6,8,2,2,78,36
3.5.1.4,0,33,0,8,1,0,5,0,0,31,0,0,7,0,0,23
3.5.1.44,6,66,130,29,192,0,39,64,48,0,6,37,128,1,35,273
3.5.1.5,610,3101,1238,2088,78775,3652,1892,9072,2196,1312,1880,8599,1899,4208,6719,24053
3.5.1.53,87,1004,137,546,2414,472,146,578,25,5529,2118,380,1045,28,111,661
3.5.1.81,0,53,238,174,0,0,0,15,70,75,22,897,238,0,0,669
3.5.1.82,0,6,8,2,1,1,0,0,2,0,0,0,0,0,0,10
3.5.1.88,219,509,210,102,63,87,163,156,383,266,284,261,157,55,219,1188
3.5.1.91,217,57,64,67,163,30,284,173,58,50,7,46,28,35,101,87
3.5.2.-,346,192,162,487,9,3,28,8,49,21,164,229,63,0,107,175
3.5.2.10,1,4,2,1,0,5,5,8,1,0,0,1,0,0,1,0
3.5.2.3,560,3475,1515,1219,3366,4319,666,1377,525,2103,3580,1541,1856,493,908,1776
3.5.2.5,1,86,8,62,16,28,13,141,40,356,99,30,9,50,2650,2261
3.5.2.7,161,546,581,319,280,979,363,229,215,671,1485,819,882,75,238,359
3.5.3.1,29,21,15,15,8,73,27,11,0,0,0,0,0,0,0,0
3.5.3.12,31,231,71,22,44,135,36,19,34,200,196,30,58,9,49,80
3.5.3.18,42,17,13,5,8,4,15,22,280,4,55,99,15,5,22,13
3.5.3.6,509,1518,1101,507,1707,772,1917,1003,631,710,464,657,960,365,665,699
3.5.4.-,673,471,1290,768,503,369,380,528,825,213,652,905,433,30,784,973
3.5.4.1,16,2,5,6,0,17,6,9,46,3,57,144,1,9,6,51
3.5.4.10,1236,3537,3475,2925,2812,5065,1844,5451,1572,1446,3378,2508,24764,96337,2563,3087
3.5.4.12,473,885,1439,1641,1319,366,209,376,260,228,2403,684,1042,79,278,516
3.5.4.13,32,9,45,31,89,1,32,91,13,20,17,81,29,1,14,15
3.5.4.16,83,1034,3305,603,53,428,793,102,78,994,184,447,215,620,117,4261
3.5.4.19,364,427,531,377,169,394,310,651,162,191,367,235,250,74,475,1665
3.5.4.2,603,376,590,612,152,266,372,326,830,177,631,1086,414,34,1634,894
3.5.4.25,380,13146,413,592,6807,7156,387,494,209,382,1459,428,4048,171,672,981
3.5.4.26,8,35,2,79,2,36,3,2,7,20,54,4,26,16,32,95
3.5.4.28,636,504,1980,886,610,605,525,822,2454,806,2093,1150,774,111,1728,5697
3.5.4.3,228,308,273,66,14,256,149,176,154,121,154,43,390,21,1050,617
3.5.4.31,636,504,1980,886,610,605,525,822,2454,806,2093,1150,774,111,1728,5697
3.5.4.32,43,30,188,69,11,96,70,79,42,13,9,99,10,4,206,83
3.5.4.33,687,1671,536,361,241,1529,2491,3238,131,401,428,44,1008,492,163,1663
3.5.4.4,0,38,0,0,0,0,0,0,0,0,291,0,0,0,0,43
3.5.4.5,81,75,1009,610,28,1028,101,128,506,1234,383,273,309,93,241,379
3.5.4.9,842,1656,1667,892,412,1730,1171,1270,564,521,991,1171,1868,96,917,1751
3.5.5.1,7,0,0,0,0,4,0,21,7,16,0,1,1,0,0,0
3.5.5.4,7,0,0,0,0,4,0,21,7,16,0,1,1,0,0,0
3.5.99.3,0,1,1,2,0,16,0,6,2,0,0,11,11,0,1,30
3.5.99.6,5555,10249,9220,12577,6782,9245,17815,6529,4672,2196,11530,5703,9400,3933,6344,7635
3.6.-.-,1566,3535,4028,2541,9046,7171,5742,4894,1750,2261,3498,3316,6543,1650,2907,5924
3.6.1.-,140,455,847,211,298,659,752,369,343,300,564,287,805,115,660,881
3.6.1.1,1173,3040,2676,2414,1343,10314,1527,1847,1802,2947,4666,3031,11961,599,2549,1764
3.6.1.13,0,1,54,9,0,22,11,0,0,7,3,11,0,0,0,17
3.6.1.19,343,350,335,699,79,436,171,241,593,254,207,429,339,24,3733,659
3.6.1.22,5,26,3,10,23,118,0,2,0,1,24,9,26,0,104,117
3.6.1.23,263,1481,742,614,100,522,392,76,185,992,536,492,163,112,194,458
3.6.1.25,26,17,2,1,1,0,15,4,1,1,5,1,4,5,15,17
3.6.1.27,104,624,387,164,71,530,71,91,46,93,82,137,523,49,1972,1932
3.6.1.3,637,1219,1375,1141,221,123,194,196,429,181,301,566,113,9,227,504
3.6.1.31,357,427,489,377,169,394,310,651,162,191,367,235,250,74,475,1629
3.6.1.54,61,65,59,55,361,64,69,146,43,265,79,82,90,66,188,155
3.6.1.55,95,168,231,125,134,264,802,337,572,491,449,546,399,66,603,1890
3.6.1.61,18,7,53,110,3,40,68,45,18,15,10,27,7,18,44,71
3.6.1.8,18,19,58,20,15,20,180,151,59,39,46,50,9,1,78,189
3.6.1.9,4,239,3,67,11,108,6,16,5,45,143,23,688,16,311,1108
3.6.3.-,51440,52667,70092,76660,22045,47806,65599,75416,54318,25328,75755,83760,55700,40817,87110,74814
3.6.3.12,6,0,13,0,14,0,0,4,4,1,0,3,0,20,1650,18
3.6.3.14,28010,63984,77329,63805,82079,66595,100067,87488,51967,51912,120381,67012,98094,242408,113792,78516
3.6.3.15,0,3,2,5,0,29,6,2,0,2,1,0,2,0,0,1
3.6.3.16,0,16,0,8,0,208,0,1,0,8,7,2,9,15,1,1
3.6.3.17,8468,28763,29714,31114,1851,13514,19652,14007,22874,10971,37336,21725,22375,4061,19137,35558
3.6.3.19,1476,563,1340,460,110,1845,1168,347,4995,58,1111,1165,1389,137,698,162
3.6.3.20,510,319,440,239,76,175,431,678,351,131,223,587,122,35,397,101
3.6.3.24,6,15,19,0,0,0,0,6,0,0,1,0,0,0,6,0
3.6.3.25,23,101,19,38,8,37,12,392,0,250,73,39,1,0,24,74
3.6.3.27,151,483,107,467,507,117,38,83,56,45,23,776,15873,10770,1096,33
3.6.3.28,7,21,179,402,23,37,55,98,25,28,444,334,106,11,26,133
3.6.3.3,85,819,385,1576,1069,766,587,839,447,1001,4314,993,8971,563,1841,1158
3.6.3.30,382,423,1438,604,35,525,380,538,51,10,105,85,48,11,973,260
3.6.3.31,1324,1046,1994,1248,933,1620,1072,6879,1003,724,1347,2862,2575,112987,3781,1674
3.6.3.32,25,52,17,10,23,700,48,25,5,1,16,3,7,0,3,5
3.6.3.33,24,46,988,205,0,0,0,0,103,29,19,447,0,0,83,113
3.6.3.34,15,3,10,2,223,4,400,156,2,622,32,693,2045,667,775,513
3.6.3.36,47,2,19,26,3,0,10,58,4,4,10,9,5,5,15,141
3.6.3.39,0,0,0,0,0,25,0,1,0,0,0,0,3,8,90,154
3.6.3.4,125,146,276,103,2337,104,2734,1506,266,88,62,400,927,2411,1469,385
3.6.3.40,0,11,15,8,3,47,2356,64,5672,61,1587,31,5749,71,1025,302
3.6.3.41,132,62,43,8,0,5,6,0,0,38,4,10,0,28,0,7
3.6.3.43,1,10,0,3,0,9,0,1,8,12,68,5,139,26,56,152
3.6.3.44,0,0,13,6,0,0,0,13,0,0,0,0,0,0,0,0
3.6.3.5,89,853,468,1691,1116,801,627,862,471,1012,4322,1060,9066,563,1848,1161
3.6.3.53,0,19,0,28,165,17,94,1,0,0,0,0,0,71,12,0
3.6.3.54,587,1148,532,648,3202,414,2800,1102,270,824,227,8734,12892,5057,7413,1760
3.6.3.8,2795,5295,7444,3654,48373,4212,62983,41177,1822,1675,3032,3320,4470,128225,14494,18265
3.6.4.-,9600,16345,17144,6326,21079,20505,29128,55682,4903,6772,10357,9265,21734,57323,16859,8836
3.6.4.12,4589,21359,11679,12950,12938,23599,17577,18861,10942,12811,18452,13204,14477,2521,12704,23073
3.6.4.13,2386,8824,7712,6379,33395,6203,4541,3745,4300,3171,7569,8858,3948,784,2104,4801
3.6.5.n1,1262,3776,3380,2890,10408,3908,5319,6300,1861,2149,4611,3141,7905,39154,7764,30799
3.7.1.22,197,516,310,256,66,280,308,591,275,110,287,450,597,14,1241,624
3.7.1.5,13,64,17,28,57,21,14,33,11,69,219,63,144,42,22,93
4.-.-.-,282,1186,1054,609,211,1359,418,1554,947,1089,6241,1045,823,65,1473,1456
4.1.-.-,44,110,12,45,57,7,26,10,26,17,2,0,0,0,23,13
4.1.1.11,21,119,21,53,45,24,33,27,18,43,77,72,59,20,79,127
4.1.1.12,2358,6009,4591,889,6675,1636,2303,2933,860,2952,1849,617,1415,414,1238,2319
4.1.1.15,2852,9484,3454,2740,40814,4527,12353,25289,2535,7942,3683,2284,2178,3875,17017,31180
4.1.1.17,29,0,2,0,5,0,1141,185,0,0,0,0,9,33,28,3
4.1.1.19,595,973,872,740,4004,667,789,1754,211,497,1381,1006,2157,985,1065,5979
4.1.1.20,204,594,248,223,109,425,85,216,91,965,898,241,373,63,329,498
4.1.1.21,7,8,3,0,25,0,7,1,1,0,0,1,0,0,0,0
4.1.1.22,114,16,99,8,115,7,43,20,9,1,0,1,11,2,68,32
4.1.1.23,654,905,1534,439,237,2276,733,533,341,207,1536,459,485,133,356,646
4.1.1.3,1473,1819,3785,1503,1186,2037,1380,1493,1213,1008,2601,2815,1838,268,1418,2204
4.1.1.31,1,32,0,1,419,3,379,433,0,2,0,2,20,59,11,2
4.1.1.32,3712,4166,7486,5305,1600,2480,2351,4930,2017,899,1832,3002,1906,446,4590,2774
4.1.1.35,108,432,2120,574,39,86,24,133,2,22,137,11,0,3,207,196
4.1.1.36,247,1220,987,592,970,1487,821,1078,245,500,1892,1237,483,95,299,1373
4.1.1.48,7,21,5,2,159,11,86,77,2,3,4,1,4,1,13,19
4.1.1.49,14021,32192,26431,15130,55858,35872,22610,31434,11790,11547,21847,25098,14576,6086,23683,30315
4.1.1.50,9,31,91,79,8,27,1,32,34,8,28,70,10,2,10,7
4.1.1.65,65,342,540,305,172,345,80,121,165,299,345,292,301,233,583,381
4.1.1.70,3060,8034,10216,9189,3703,15388,15319,14597,7212,8054,20215,10363,9024,1848,9233,11859
4.1.1.8,2269,2410,1825,627,73631,3844,6793,15966,1039,807,1201,399,652,3984,13818,8277
4.1.1.81,37,132,19,20,17,52,17,72,22,16,90,35,33,56,130,291
4.1.1.82,0,5,127,1,0,1,2,1,1,170,10,0,4,0,0,306
4.1.1.96,141,181,165,167,267,153,101,186,68,316,264,134,1728,120,187,166
4.1.2.-,464,1508,951,653,5424,443,4410,9912,439,446,958,838,1212,975,1670,1280
4.1.2.13,14749,16366,21359,21615,12814,25008,18177,20585,18559,15103,29075,30794,33647,9042,41061,36279
4.1.2.14,198,259,153,992,2168,176,95,369,68,79,129,345,175,49,208,183
4.1.2.17,133,491,506,350,34,2550,1434,165,1185,263,21308,349,4150,118,273,627
4.1.2.19,5,19,4,20,53,56,24,20,85,22,19,186,99,82,102,217
4.1.2.25,1,13,0,3,1,14,2,5,1,3,9,4,8,5,9,24
4.1.2.4,555,2822,1569,2007,1433,1409,2910,2845,2758,1264,3851,1218,3597,402,3891,4180
4.1.2.40,17,51,209,155,99,29,56,161,69,7,48,103,91,9,71,134
4.1.2.48,35,362,68,56,121,336,20,39,148,391,1295,279,2524,238,176,285
4.1.2.49,10,0,13,2,0,2,0,20,4,8,13,4,19,0,1,14
4.1.2.50,8,8,5,0,0,0,0,2,2,18,0,7,3,23,2,49
4.1.2.9,20,16,2,1,216,0,1,0,0,0,0,3,1,2,1,0
4.1.3.-,146,509,1692,725,75,441,84,4298,2071,2971,961,2598,109,56,343,3977
4.1.3.16,198,259,153,992,2168,176,95,369,68,79,129,345,175,49,208,183
4.1.3.27,22,101,15,44,68,81,4148,2616,20,49,28,14,24,27,51,45
4.1.3.3,7798,7664,5273,18461,279,10783,7086,4711,6678,7317,34698,7698,10973,4691,8881,17461
4.1.3.32,175,0,0,5,0,0,0,0,0,0,0,184,0,0,14,0
4.1.3.34,141,139,137,170,3,116,92,837,120,153,857,1670,348,42,290,207
4.1.3.36,32,59,71,37,114,26,34,7,22,43,176,36,53,11,65,42
4.1.3.39,0,30,0,146,48,155,47,154,0,0,7,81,0,0,0,0
4.1.3.6,385,964,384,1108,31,602,243,1066,536,334,1143,2448,750,68,1029,419
4.1.99.-,943,5318,1869,2898,1351,3779,1379,684,796,1420,3145,820,4543,269,355,943
4.1.99.1,822,622,621,1072,12,345,265,693,719,57,646,2067,454,93,1653,600
4.1.99.12,380,13162,509,639,6807,7156,387,494,231,423,1602,460,4066,171,672,981
4.1.99.17,142,707,321,1536,3321,501,350,393,217,1047,1879,315,827,111,471,1437
4.1.99.18,27,151,108,65,26,301,82,235,96,185,265,169,319,3,298,85
4.1.99.19,10,43,77,7,183,63,9,6,28,37,125,4,323,17,187,115
4.1.99.2,249,1416,262,962,8249,637,412,250,777,12,569,629,89,12,15,226
4.2.-.-,21,80,20,4,215,21,7,21,19,9,17,137,670,3833,581,198
4.2.1.-,601,1209,1072,1991,119,968,2237,648,1215,464,1394,2654,1054,535,752,1018
4.2.1.1,15,278,83,37,161,178,156,208,161,318,575,210,2174,493,644,1525
4.2.1.10,80,31,590,131,191,98,107,102,114,145,99,178,153,31,51,120
4.2.1.11,9452,16179,17232,11566,34511,14412,43682,53180,10876,26342,18401,12878,31202,105325,43592,30015
4.2.1.115,31,49,916,565,661,309,114109,978,225124,261106,95580,206603,109735,30,616,223179
4.2.1.116,76,81,101,36,7,8,34,92,60,68,66,66,8,0,230,116
4.2.1.120,754,749,316,753,73,631,220,625,451,287,622,643,547,54,1097,758
4.2.1.126,586,1549,1512,1362,20,277,115,154,183,69,281,497,270,33,1400,271
4.2.1.136,25,211,18,37,43,87,19,40,50,157,242,97,93,27,151,348
4.2.1.17,381,446,847,675,64,281,320,507,167,78,344,316,132,43,160,177
4.2.1.19,7,126,33,87,1073,227,46,692,31,93,270,60,74,33,219,307
4.2.1.2,1585,11852,3037,2150,3947,7281,4370,5199,2080,1517,5348,2583,3287,1488,6340,4694
4.2.1.20,1212,13341,27959,7231,4007,17414,2070,117992,10944,2338,3813,2772,1938,11650,1745,3399
4.2.1.24,90,664,1279,1180,4175,28,44,111,90,165,274,145,381,2089,2492,842
4.2.1.28,241,575,311,610,1713,3032,343,100,396,32,1483,780,3157,137,228,1283
4.2.1.3,1127,6873,569,841,7743,4048,4695,6730,156,2657,4018,1500,5967,516,1479,4052
4.2.1.30,40,441,1,111,1,12,1,65,22,17,134,84,41,0,48,17
4.2.1.32,18,525,93,131,0,1714,52,119,28,34,758,9,156,32,26,245
4.2.1.33,1082,1640,3055,1861,2148,1756,1257,2551,881,2015,2804,1796,1787,461,2242,3061
4.2.1.40,17,30,49,49,11,31,13,150,8,4,65,33,8,1,14,18
4.2.1.42,21,23,3,90,0,1,0,0,1,0,10,10,33,0,1,7
4.2.1.44,115,62,180,447,57,72,67,126,83,23,73,133,22,11,339,186
4.2.1.45,55,409,53,212,13,57,12,35,172,23,3674,172,119,10,65,304
4.2.1.46,1378,5735,2467,4206,5002,4695,14305,11449,2432,2675,6124,7850,2128,1489,4737,11246
4.2.1.47,107,2738,1335,611,1530,2243,1731,2729,1081,1323,8298,1856,1067,297,2067,1807
4.2.1.49,1199,5683,1843,1767,306,5980,1276,1309,2258,1034,2449,2926,2410,357,621,1582
4.2.1.51,94,320,400,204,383,482,448,294,344,141,201,85,86,6,356,775
4.2.1.53,3463,305,645,325,13640,198,34051,26344,1933,428,4536,1690,23738,92718,24385,4155
4.2.1.54,1732,334,2348,164,68,3,1,13,2,0,0,1,0,0,1,0
4.2.1.55,3143,4209,15815,26257,1100,9078,11966,24161,13635,13340,9602,15004,5016,1761,15147,24704
4.2.1.59,345,1515,531,1422,736,1279,445,714,312,314,1368,576,615,233,365,1901
4.2.1.6,0,0,22,0,0,12,29,36,0,0,0,0,0,0,0,0
4.2.1.7,17,485,16,197,362,97,499,74,79,602,437,108,333,146,84,335
4.2.1.75,3,66,24,33,7,72,13,70,1,2,2,1,3,2,62,37
4.2.1.79,0,0,0,0,0,0,0,105,0,1,2,2,0,1,29,6
4.2.1.8,439,3454,716,29328,8209,1104,7246,3744,647,592,2850,1716,6396,27157,5947,1209
4.2.1.82,23,75,45,0,0,0,0,0,0,0,0,0,0,0,0,0
4.2.1.85,7,19,46,44,33,27,93,23,25,17,49,44,1,99,16,153
4.2.1.9,1629,2773,3118,4004,8028,5763,8604,8232,4068,7342,8087,5301,8905,666,6274,8142
4.2.1.91,75,405,108,127,253,327,225,124,171,51,125,77,49,25,553,1156
4.2.1.99,0,0,0,0,0,14,3,29,1,0,4,12,3,0,49,13
4.2.2.-,448,1810,510,559,169,567,47,235,854,222,435,597,260,31,867,1237
4.2.2.21,1,9,0,2,1,31,1,2,1,6,24,0,7,1,0,0
4.2.2.23,0,3,1,2,1,23,0,0,28,84,159,80,17,3,25,23
4.2.2.25,0,0,0,0,0,1275,193,5,0,0,1,0,0,0,0,0
4.2.2.8,0,3,0,2,7,9,2,2,1,0,20,2,4,1,0,1
4.2.2.n1,39,1617,30,68,81,249,23,30,16,51,99,274,230,30,12,211
4.2.3.1,483,542,802,414,2281,381,378,374,942,1037,1215,1070,2227,75,859,1966
4.2.3.2,0,1,0,0,302,6,3081,2430,0,0,0,0,14,2,0,0
4.2.3.3,1968,2928,3230,2853,1843,2499,7015,4901,3604,578,1423,819,1513,355,1925,5490
4.2.3.4,311,1009,926,279,1092,1033,1396,1030,371,426,1169,197,294,110,871,4126
4.2.3.5,201,909,527,257,1716,852,826,843,271,189,296,169,254,126,358,1090
4.2.99.18,517,623,1266,630,355,771,681,397,153,111,223,334,263,37,1131,599
4.3.1.1,1084,1456,1347,989,7066,2121,2100,1196,921,684,2126,1052,1655,1157,1144,689
4.3.1.14,258,293,1190,704,10,168,145,186,538,134,187,768,172,11,147,313
4.3.1.15,299,1029,1423,473,136,120,807,1371,406,672,86,317,488,12,672,659
4.3.1.17,1645,4225,2432,2663,2520,3537,1170,1557,1405,1355,1199,3450,1555,617,2357,4742
4.3.1.18,529,15,873,37,2,14,4,0,131,5,85,196,43,150,117,84
4.3.1.19,137,459,666,573,4141,1191,892,858,622,598,995,1126,817,350,547,846
4.3.1.2,368,511,936,331,48,134,345,339,1242,165,626,1290,601,59,367,237
4.3.1.23,9,298,8,89,0,2886,1,85,18,115,165,136,243,47,16,32
4.3.1.3,1701,3090,1433,3160,634,3749,777,921,3419,796,4469,2576,3940,321,1269,2199
4.3.1.4,563,1624,1044,1044,314,2263,520,476,1006,760,1143,1450,1240,156,429,876
4.3.1.7,1692,970,1309,1619,21,1850,2044,2234,2232,481,3347,2885,1149,261,1195,2327
4.3.2.1,488,4538,2251,805,1746,2050,1795,3264,1353,1191,2485,1487,1870,31630,3835,3054
4.3.2.2,1309,3544,5065,3306,2865,10407,9489,20725,15086,17690,15084,19586,7834,1201,10513,13862
4.3.3.7,1349,3537,1555,2097,431,709,3589,892,562,272,1908,682,1846,158,1240,782
4.3.99.3,77,937,121,281,163,743,76,98,26,257,304,65,191,30,65,415
4.4.1.1,22,0,22,0,5,0,35,0,28,4,1,114,16,0,17,63
4.4.1.11,191,494,232,176,8,167,199,124,122,23,142,199,195,7,187,137
4.4.1.13,7,0,205,19,0,21,1,0,7,16,39,5,0,1,7,114
4.4.1.15,32,0,183,7,0,0,79,1,718,0,170,268,19,0,74,8
4.4.1.16,88,1124,863,384,99,505,1772,207,83,298,1001,129,2841,100,66,503
4.4.1.2,22,0,22,0,5,0,35,0,28,4,1,114,16,0,17,63
4.4.1.21,192,50,753,401,6002,222,362,849,136,38,326,180,78,30,310,2243
4.4.1.24,0,0,19,0,0,0,19,0,26,34,100,75,242,11,0,0
4.4.1.25,73,57,0,0,0,3,0,91,206,691,568,277,512,25,148,0
4.4.1.5,584,366,175,437,82,48,38,245,291,86,118,331,88,132,942,817
4.4.1.8,685,1547,751,1053,282,1318,754,908,925,772,1377,1013,1006,126,1098,994
4.6.1.1,26,0,21,16,19,2,39,78,3,11,300,20,34,62,98,114
4.6.1.12,1753,4460,3569,864,145,667,2986,3689,358,1643,1223,746,1507,746,2474,6544
4.99.1.3,230,18,806,85,136,88,43,197,628,92,847,2194,147,3,178,315
4.99.1.4,92,215,154,477,0,1,0,18,0,3,9,17,28,0,10,83
5.-.-.-,5,2,121,1,36,14,225,187,5,1,1,1,3,209,17,3
5.1.-.-,0,0,9,0,13,42,112,5,11,65,31,19,9,1,0,0
5.1.1.-,0,1,0,0,83,40,29,5,0,0,0,6,982,0,0,441
5.1.1.1,455,1033,710,574,476,1060,321,945,353,567,1233,670,559,358,831,1515
5.1.1.3,41,179,147,98,2788,74,611,1167,12,63,227,54,161,12,46,105
5.1.1.4,99,537,449,383,0,0,0,0,10,0,0,108,0,0,0,0
5.1.1.7,327,231,194,202,42,342,96,226,108,36,87,168,133,8,72,459
5.1.1.n1,93,130,371,641,23,185,64,731,168,282,363,441,153,6,118,753
5.1.2.3,0,34,213,0,10,32,109,33,29,9,113,48,16,0,3,73
5.1.3.1,218,1033,434,728,133,1800,285,462,301,740,352,229,463,188,565,1109
5.1.3.11,238,151,90,572,96,2735,228,372,20,16,86,124,32,26,9,19
5.1.3.13,63,2568,163,185,249,12522,1013,3034,341,317,549,946,724,637,84,524
5.1.3.14,1262,669,2624,1260,601,1283,2381,1614,1775,835,1162,1233,5518,8509,3166,1682
5.1.3.2,2907,7007,4942,7118,13472,7118,11332,8996,4408,4429,8218,7931,11180,14184,5405,19460
5.1.3.20,29,38,5,32,0,9,3,22,30,47,473,55,69,0,28,1
5.1.3.23,1,6,6,0,1,0,0,24,0,1,1,0,0,0,6,36
5.1.3.24,1,65,1,3,0,40,0,0,4,4,22,3,13,2,2,26
5.1.3.3,893,2682,342,508,340,2728,664,358,832,612,1666,1050,990,115,1094,543
5.1.3.4,513,137,546,805,11228,676,1426,2493,510,119,749,679,2427,1753,533,722
5.1.3.7,0,0,0,0,0,0,0,0,3,13,5,0,0,2,1,13
5.1.3.8,1757,14563,2273,8371,45,14133,453,592,4841,671,3352,2687,8370,238,2018,2221
5.1.3.9,151,756,436,2111,11,671,43,49,802,32,2147,375,689,27,74,90
5.1.3.n2,56,69,232,72,17,443,0,16,169,19,30,60,190,49,125,65
5.1.3.n3,5,5,27,18,3,19,17,13,24,8,10,90,8,5,26,19
5.1.99.1,5,18,4,19,12,31,7,4,2,2,2,9,2,0,4,3
5.1.99.6,25,211,18,37,43,87,19,40,50,157,242,97,93,27,151,348
5.2.1.8,6760,24372,10734,18477,10332,25848,12174,9034,14074,14016,15423,9477,13142,16588,12392,22906
5.3.1.-,371,667,506,211,102,614,758,516,243,229,160,510,399,16,326,398
5.3.1.1,3469,4875,7634,5353,9410,8054,22719,16314,7551,4959,14232,6284,4594,2859,14227,9757
5.3.1.12,332,2209,543,2962,7058,1569,6320,2657,406,1309,2378,936,7911,16554,493,719
5.3.1.13,74,1504,74,113,918,520,150,451,63,126,77,398,92,282,60,734
5.3.1.14,111,361,345,765,17036,610,121,162,268,601,935,710,407,98,233,441
5.3.1.16,28,47,38,44,50,86,70,40,177,7,465,30,46,44,111,131
5.3.1.17,284,524,247,688,356,552,218,2472,173,425,484,279,11016,22313,794,319
5.3.1.23,100,65,178,180,51,149,377,601,515,190,260,101,1197,21,890,416
5.3.1.24,3,14,1,5,1,10,0,2,0,2,7,0,1,0,2,10
5.3.1.25,985,3349,4921,7611,699,9250,5273,3513,4451,2706,15957,4455,5680,690,1690,18290
5.3.1.26,0,0,0,0,0,10,12,0,6,0,21,3,0,0,0,22
5.3.1.28,14,16,2,18,0,7,0,8,0,0,0,0,0,0,65,1
5.3.1.29,0,7,4,1,1,259,5,2,1,10,159,5,262,45,14,18
5.3.1.4,596,4114,2038,2986,1391,2261,663,800,1669,1194,2142,1021,1253,275,1325,3167
5.3.1.5,240,2951,594,607,2023,13767,9334,1625,515,631,1601,1461,1917,1102,598,735
5.3.1.6,178,431,281,475,386,189,358,333,67,71,97,183,95,105,104,141
5.3.1.8,502,3200,659,1546,4490,383,2176,1561,509,1139,2933,842,1544,1631,980,1603
5.3.1.9,6753,12206,12055,11149,13758,10071,15015,14342,6621,3370,9751,10714,12268,20655,18432,12291
5.3.2.3,0,4,66,3,16,1323,5,26,18,5,81,6,17,0,0,0
5.3.2.8,12,0,0,0,0,0,0,0,0,0,0,33,0,0,15,0
5.3.3.14,21,0,21,0,0,0,0,0,0,0,0,0,0,1,5,0
5.3.3.3,754,749,316,753,73,631,220,625,451,287,622,643,547,54,1097,758
5.4.1.-,13,27,73,102,8,37,11,32,6,0,4,10,3,4,7,19
5.4.2.10,719,2829,2287,1647,6863,3660,9466,6236,4510,4660,4984,1644,3120,1235,4899,3203
5.4.2.11,184,2175,373,76,3216,123,995,3060,1577,1003,2329,2810,1593,6546,8448,3544
5.4.2.12,3335,6814,11840,6411,9905,16436,17677,13612,7842,3636,7679,11131,16584,4196,7296,10066
5.4.2.2,5761,21131,15828,17627,24315,18624,27726,23373,8765,7215,23162,14910,16560,3613,15554,18648
5.4.2.6,33,54,27,24,0,128,33,5,0,0,0,0,0,0,0,0
5.4.2.7,378,265,362,662,4373,406,8331,1293,1448,829,1505,2376,923,1270,1018,1863
5.4.2.8,325,727,126,222,60,4,2353,853,515,230,142,418,381,251,104,263
5.4.2.9,19,5,255,48,266,28,60,2,152,111,258,375,12,2,4,74
5.4.3.-,129,486,576,1097,62,30,108,198,312,20,85,117,515,10,307,129
5.4.3.2,240,422,184,164,24,234,439,406,429,256,1077,503,240,61,450,624
5.4.3.3,365,1090,639,1031,2,1136,18,268,1409,357,579,4153,877,10,210,1225
5.4.3.4,244,1755,530,3822,7,188,681,123,763,150,744,4144,1048,35,308,411
5.4.3.5,70,500,398,628,616,235,108,111,1192,54,222,316,3694,37,171,342
5.4.3.6,9,298,8,89,0,2886,1,85,18,115,165,136,243,47,16,32
5.4.3.8,2271,2372,275,2540,18,671,824,1316,2961,1181,7055,5059,3520,19,1131,2854
5.4.4.2,8,5,7,15,13,29,8,8,16,36,58,16,35,13,13,34
5.4.4.3,39,0,6,0,0,0,0,0,0,13,0,0,0,1,0,0
5.4.99.-,504,4019,1298,1879,5740,7850,8425,1614,507,1676,1393,3055,16787,85041,15780,3724
5.4.99.1,498,651,876,271,15,506,465,109,1652,152,877,2249,787,39,235,72
5.4.99.12,53,543,327,92,96,120,206,153,127,61,196,219,132,21,135,143
5.4.99.16,2,62,0,0,5,2,2,0,1,46,44,10,41,1,0,44
5.4.99.18,220,327,597,192,766,662,2577,5138,252,323,255,431,284,115,391,799
5.4.99.2,6650,25203,8585,6170,6920,18098,6520,9318,6155,6056,15239,9132,13204,3524,9209,15444
5.4.99.22,533,3796,1168,1116,930,2705,871,1038,360,714,622,728,935,717,1093,1849
5.4.99.23,46,101,164,70,416,87,69,41,104,80,232,186,219,33,9,65
5.4.99.24,15,1,7,5,0,15,5,5,37,15,25,17,10,0,0,0
5.4.99.25,114,1036,1163,557,154,367,350,156,503,123,444,410,439,55,217,368
5.4.99.28,4,27,1,5,501,32,0,13,9,6,14,6,39,39,34,150
5.4.99.29,4,27,1,5,501,32,0,13,9,6,14,6,39,39,34,150
5.4.99.5,65,174,298,115,160,398,249,225,217,182,465,44,107,23,362,8849
5.4.99.58,7,1,4,1,2,9,2,1,0,1,6,1,3,0,3,2
5.4.99.59,1,0,8,0,0,0,193,3,0,0,5,0,0,0,0,6
5.4.99.9,264,670,1300,1060,343,362,433,423,677,767,2851,3351,6443,29697,4724,2653
5.5.1.4,164,618,288,408,7180,693,415,521,249,714,1276,562,1174,349,359,562
5.5.1.n1,58,0,0,0,0,0,0,0,0,0,0,0,0,14,0,28
5.99.1.2,1484,10874,5991,4080,7291,10075,3654,7467,4606,4789,6547,6718,4583,1366,4227,14703
5.99.1.3,5161,38691,14304,18896,23092,52907,17449,23238,11796,19044,24997,17510,30761,71013,16924,31102
6.1.-.-,33,302,104,185,26,566,1243,1352,146,274,338,320,384,19,21,383
6.1.1.-,24,20,44,28,1,10,8,4,41,62,29,101,53,2,83,129
6.1.1.1,693,6278,2682,1770,3179,12452,2189,7526,3899,1885,4193,4645,2461,395,2417,4597
6.1.1.10,2937,7681,7469,4660,13164,5778,7019,5629,4024,6057,6896,5746,23699,3534,10490,6025
6.1.1.11,1857,8220,4667,3603,13212,8321,16457,8030,4424,3211,6156,4544,48160,4440,5010,22161
6.1.1.12,1514,4865,4107,2793,50369,10187,3546,5703,10486,9130,7217,4947,8565,17108,19537,15325
6.1.1.13,24,18,54,115,41,10,417,9,18,1,355,34,14,0,14,1
6.1.1.14,4271,10471,11552,7305,8379,14179,7887,9424,8230,8921,9964,9011,43188,144566,9921,11113
6.1.1.15,5274,15907,7570,10833,21845,15520,29529,16078,3012,6746,5426,5126,6896,15871,9364,11268
6.1.1.16,1186,4959,5461,3648,5167,4140,1435,3233,1714,1718,4733,2547,5902,1360,1700,4106
6.1.1.17,1722,5134,3976,3985,7842,11628,5458,6593,2427,2153,4483,2347,3092,954,6686,6661
6.1.1.18,1983,3864,5348,6932,1917,5719,4292,3775,3681,2445,5938,4260,3232,713,5010,6998
6.1.1.19,1830,5460,4923,5540,9882,4955,16369,8598,1919,2318,4423,2714,9444,18074,8219,11565
6.1.1.2,1344,3573,3377,4131,9429,8760,6535,7035,3055,3104,3720,3312,2242,331,3643,6562
6.1.1.20,851,6399,2925,3207,7630,6001,11472,7254,4411,5135,7973,4712,7437,17004,4798,4280
6.1.1.21,2924,1557,4261,1362,2584,13493,12552,23426,2596,764,1192,1674,2276,4280,1188,2422
6.1.1.22,4067,7675,7306,6588,14108,35120,12072,7866,3843,4845,5301,7377,18300,2084,6439,9354
6.1.1.3,3006,15259,6337,6242,15789,32936,12666,8945,4153,6169,12674,8183,6994,2325,18583,11335
6.1.1.4,2439,7658,6906,5318,5023,19359,13520,10869,8593,9810,9637,11573,9200,15133,8065,16586
6.1.1.5,3942,14622,6952,13391,10073,14521,6620,19361,6333,5959,10415,6588,16905,24075,15947,12022
6.1.1.6,2632,4843,6875,3451,13878,4668,7771,9514,3259,4644,7688,6240,4941,964,10153,6990
6.1.1.7,2702,7321,6430,5261,18363,14210,27236,18621,5611,5801,7056,6903,25220,107833,23441,12409
6.1.1.9,1750,4127,4380,3846,6199,7941,5102,5966,1705,2668,5328,3232,21512,72319,5738,6305
6.1.2.1,92,6,177,64,0,1,0,15,0,0,0,30,0,1,18,0
6.2.1.-,228,364,812,237,1557,6495,276,1215,134,248,505,366,276,121,381,779
6.2.1.1,1,2,0,7,22,118,35,63,52,904,880,14,365,9,53,54
6.2.1.2,128,1075,345,246,4189,605,88,1121,76,487,948,285,1457,234,307,4028
6.2.1.20,0,0,0,0,0,0,0,0,99,29,947,0,0,1,13,340
6.2.1.22,1,9,20,44,0,22,48,100,19,4,59,60,32,1,0,35
6.2.1.26,0,0,6,1,51,2,0,16,0,0,0,0,0,0,0,0
6.2.1.3,2349,29727,2935,3713,3354,20860,3540,4401,2844,6215,6911,4377,6919,3150,4131,9679
6.2.1.30,569,2044,1580,1322,1014,1599,1056,1214,485,1232,1364,1275,923,98,1717,1316
6.2.1.5,132,184,16,131,0,6,8,146,58,0,6,132,1,1,161,60
6.3.1.1,1485,1104,2738,1669,1789,942,1550,2061,833,705,1317,1359,756,170,3340,1998
6.3.1.2,2008,4209,4090,3060,17707,6720,27772,23196,2865,2206,6264,3999,4655,4139,15400,9008
6.3.1.5,17,7,0,29,0,0,0,56,0,0,0,6,0,0,6,0
6.3.2.-,34,43,67,18,91,31,106,241,20,38,37,23,9,3,242,603
6.3.2.1,165,259,87,212,103,112,73,175,17,79,132,66,103,61,143,617
6.3.2.10,105,141,315,267,59,164,249,314,151,290,397,211,249,49,194,409
6.3.2.13,488,1942,663,599,248,585,579,671,543,211,733,729,876,143,1151,1603
6.3.2.17,100,669,171,134,802,554,167,127,73,192,453,230,170,30,240,496
6.3.2.2,19,10,3,5,10,8,5,17,2,3,9,5,4,4,5,3
6.3.2.3,19,10,3,5,10,8,5,17,2,3,9,5,4,4,5,3
6.3.2.4,1513,113,370,384,197,585,725,1043,972,913,793,1310,708,112,1192,1267
6.3.2.5,247,1220,987,592,970,1487,821,1078,245,500,1892,1237,483,95,299,1373
6.3.2.6,1020,1533,3093,1790,5320,2994,10197,3567,1310,1117,3921,2525,2819,401,9690,2250
6.3.2.8,687,1481,862,1039,455,1487,748,731,493,612,1311,578,738,131,531,2336
6.3.2.9,172,1779,443,394,273,674,330,457,447,408,720,2216,503,106,425,1074
6.3.3.1,635,1851,1854,899,4605,2895,12160,6987,942,1325,3599,1430,1231,257,1776,10942
6.3.3.2,5,0,2,23,0,2,1,5,7,2,4,8,11,2,16,16
6.3.3.3,3,55,5,4,1,28,6,1,8,9,44,7,12,3,50,164
6.3.4.13,613,1196,1089,1135,808,2669,1289,2588,1208,1315,2560,1699,811,164,1206,2161
6.3.4.14,180,1546,608,240,344,326,505,157,246,135,188,204,813,138,469,377
6.3.4.15,1,26,64,1,0,64,20,1,4,16,83,88,11,2,12,44
6.3.4.18,28,18,57,259,12,20,91,49,5,36,306,39,107,41,18,20
6.3.4.19,144,1973,332,437,44,2713,265,176,230,281,1385,270,792,79,186,982
6.3.4.2,1362,5282,2553,2798,2020,5172,3305,2632,1628,1564,4124,2674,5836,36345,10402,4337
6.3.4.20,60,115,55,102,14,69,31,61,21,53,24,15,35,25,219,9
6.3.4.21,971,1452,3059,1357,15656,1123,3516,4868,1467,923,1820,1626,1086,613,3495,6178
6.3.4.3,16079,10993,27384,20566,5216,7974,8959,10673,12988,8850,13448,21524,11268,2193,22483,15639
6.3.4.4,2098,4367,3846,3303,3072,5029,4253,4992,2539,2606,2296,3470,2679,1062,4948,5772
6.3.4.5,1903,2978,6047,2450,12249,3942,3683,6086,1865,1694,2848,2678,1563,692,3929,5213
6.3.5.-,137,200,256,241,5820,473,6987,4802,631,1413,3201,2995,23430,1057,3065,1475
6.3.5.1,991,4777,2088,2888,4048,5129,1770,3581,1089,1014,2254,2434,2782,2269,1846,3896
6.3.5.2,1629,5617,3344,2535,4303,4934,7650,6946,2664,2733,4833,3870,13871,36157,7154,4944
6.3.5.3,2837,9613,6355,5398,3652,21612,4618,13192,3510,10841,13122,8421,6135,873,4981,6955
6.3.5.4,361,132,895,123,403,375,823,729,408,184,269,586,701,19,480,372
6.3.5.5,2288,8047,5972,4149,8251,9906,10595,8306,2989,4821,9264,5332,6840,44710,6324,5703
6.3.5.7,62,126,158,170,210,74,38,148,358,332,444,165,547,17,72,567
6.4.1.1,7089,19418,19648,18085,14417,18473,7359,11838,7661,8113,15097,9474,7061,2543,8569,14031
6.4.1.2,502,2019,2125,777,470,874,950,456,406,546,1061,1504,1997,151,1281,479
6.4.1.3,5493,21330,9772,7566,4818,20792,9988,10480,6648,5722,18989,11107,11124,3109,5485,12057
6.4.1.7,15,127,59,218,4,112,49,501,82,62,17,41,9,74,429,205
6.5.1.-,60,475,292,206,16,17,57,103,38,177,1570,54,35,28,196,32
6.5.1.2,319,1216,741,958,2690,2156,839,1056,267,821,1145,383,3962,1920,720,2759
